site.pop,site,pop,rep,ind.x,ind.id,pop.name,mkleaf,sdkleaf,nkleaf,mkstem,sdkstem,nkstem,mkstem.sa.l,mWD,nWD,mleafsize,nhub,mstemlength,mstemarea,mleafarea,mleafmass,mstemmass,mSLA,mLDMC,mml_ms,P50leaf,P50stem,mAl_As,log.Al_As,log.leafsize,cwd,aet,pet,ppt,tmn,tmx,cwd.2018wy,aet.2018wy,pet.2018wy,ppt.2018wy,tmn.2018wy,tmx.2018wy
H1,H,1,1,c,H1_1,SMT,2.074993316,0.024513329,3,27.0589826,6.558549394,4,738.840487,0.759196429,2,10.69323693,3,74.38666667,4.145956916,133.501,1.6311,0.291966667,82.14486749,0.436765735,6.315660814,-3.84,-4.352724523,35.07274513,1.544969759,1.02910919,690.0800103,481.3300072,1174.547518,1221.930018,10.3815206,23.58504164,719.2700043,467.1299999,1186.400002,759.229991,10.19833354,24.67333333
H1,H,1,2,b,H1_2,SMT,2.511076577,0.173295447,3,29.15037506,5.834946338,3,409.2111421,0.702669514,2,6.586722222,3,58.52666667,2.723516484,58.93533333,0.742033333,0.149566667,81.3841101,0.490434174,5.025621879,-3.063914932,-3.99,22.32492438,1.348789997,0.818669349,690.0800103,481.3300072,1174.547518,1221.930018,10.3815206,23.58504164,719.2700043,467.1299999,1186.400002,759.229991,10.19833354,24.67333333
H1,H,1,3,a,H1_3,SMT,2.457132542,0.538142961,4,39.65181312,22.07101162,4,1033.919941,0.772680998,3,5.9955,3,66.14333333,3.901936615,88.60566667,1.124366667,0.1969,81.55190484,0.416508087,5.735023369,NA,-4.92,23.2513529,1.366448228,0.777825407,690.0800103,481.3300072,1174.547518,1221.930018,10.3815206,23.58504164,719.2700043,467.1299999,1186.400002,759.229991,10.19833354,24.67333333
H1,H,1,4,b,H1_4,SMT,2.456911855,0.307951521,2,46.28029945,4.557125968,3,1148.049769,0.800417674,2,7.15003729,5,107.656,6.490924867,95.6518,1.33444,0.63188,75.81043958,0.482263883,3.277670446,NA,-4.034354246,24.89236639,1.396066185,0.854308307,690.0800103,481.3300072,1174.547518,1221.930018,10.3815206,23.58504164,719.2700043,467.1299999,1186.400002,759.229991,10.19833354,24.67333333
H1,H,1,5,a,H1_5,SMT,2.431961715,0.151453234,3,33.57528766,4.311100156,3,802.941961,0.771105369,2,8.256623932,3,76.15666667,3.542870028,92.33333333,1.2008,0.2629,77.26333215,0.420227359,6.747870686,NA,-4.94,26.67133412,1.42604474,0.916802504,690.0800103,481.3300072,1174.547518,1221.930018,10.3815206,23.58504164,719.2700043,467.1299999,1186.400002,759.229991,10.19833354,24.67333333
H15,H,15,1,b,H15_1,SUG,2.674614326,0.236070548,4,31.7025328,15.06696623,3,675.2580514,0.750192538,3,4.829510101,3,84.65,4.690921431,58.78966667,0.853866667,0.3232,68.45683572,0.50435789,3.386222733,-5.410241131,-5.05,18.71002775,1.272074432,0.683903079,733.8575109,392.9775059,1193.297518,1014.252515,4.944791556,21.16574999,728.2399998,519.7600031,1248.000004,768.570014,8.170833349,22.24083304
H15,H,15,2,b,H15_2,SUG,2.246856078,0.165309477,3,42.69413519,3.11662581,2,415.8675261,0.760782249,3,10.24107143,2,49.435,2.560245297,77,0.98985,0.1259,77.58193785,0.433502701,10.36415333,NA,-3.84,27.82214681,1.444390638,1.010345395,733.8575109,392.9775059,1193.297518,1014.252515,4.944791556,21.16574999,728.2399998,519.7600031,1248.000004,768.570014,8.170833349,22.24083304
H15,H,15,3,c,H15_3,SUG,2.331609521,0.488618756,3,18.62207318,10.20152734,4,352.852314,0.757748491,5,2.836667521,3,48.80333333,1.865623162,32.22533333,0.350133333,0.072366667,92.37290535,0.453655515,4.870706381,NA,NA,18.00569571,1.255409907,0.452808436,733.8575109,392.9775059,1193.297518,1014.252515,4.944791556,21.16574999,728.2399998,519.7600031,1248.000004,768.570014,8.170833349,22.24083304
H15,H,15,4,c,H15_4,SUG,2.600296115,0.347354974,4,61.40308425,9.659036072,4,798.2238951,0.752182148,2,4.158188687,3,172.5666667,5.695538765,82.17366667,0.871266667,0.440033333,94.01036603,0.411210327,2.090108568,-3.628978697,-5.12,13.72322839,1.137456291,0.618904193,733.8575109,392.9775059,1193.297518,1014.252515,4.944791556,21.16574999,728.2399998,519.7600031,1248.000004,768.570014,8.170833349,22.24083304
H15,H,15,5,c,H15_5,SUG,3.452333884,0.974609568,4,37.94355126,15.16992929,4,309.1397856,0.76074611,2,6.358039683,3,23.14666667,1.362933431,42.49266667,0.543233333,0.0467,78.98398105,0.421201678,12.20674247,NA,-5.12,22.98649787,1.361472809,0.803323234,733.8575109,392.9775059,1193.297518,1014.252515,4.944791556,21.16574999,728.2399998,519.7600031,1248.000004,768.570014,8.170833349,22.24083304
H16,H,16,1,c,H16_1,SRD,2.692407609,0.260507761,3,27.38467731,9.509091091,3,494.7067146,0.759807692,2,7.004761905,3,32.83,1.750466338,57.33333333,0.662133333,0.059666667,86.58710499,0.408157223,11.81517206,NA,-4.16,33.00358576,1.518561127,0.845393378,783.2500117,440.8900066,1264.467519,836.5575125,6.187958195,22.18125002,1019.620016,297.3799968,1317.000021,321.7599943,9.216666718,24.46499983
H16,H,16,2,a,H16_2,SRD,2.98792125,0.201475591,4,40.2254633,17.08779684,2,541.0556483,0.759258289,2,3.168691619,3,281.63,7.230328949,118.612,1.680833333,1.207333333,72.96359424,0.490442064,2.082681482,-2.979062479,-6.086465064,17.41373324,1.240891887,0.500879975,783.2500117,440.8900066,1264.467519,836.5575125,6.187958195,22.18125002,1019.620016,297.3799968,1317.000021,321.7599943,9.216666718,24.46499983
H16,H,16,3,b,H16_3,SRD,2.580684711,0.856014936,5,38.27396018,20.17657213,3,487.6778529,0.7802107,3,NA,NA,NA,NA,NA,NA,NA,NA,NA,NA,NA,-4.46,22.6202186,1.354496798,NA,783.2500117,440.8900066,1264.467519,836.5575125,6.187958195,22.18125002,1019.620016,297.3799968,1317.000021,321.7599943,9.216666718,24.46499983
H16,H,16,4,b,H16_4,SRD,2.207652909,0.355255041,4,38.35175684,3.142878256,3,498.6784349,0.800058672,2,5.821511111,3,72.32333333,3.009724302,63.412,0.741233333,0.171066667,85.61552548,0.447812457,4.965467893,-3.475100482,-5.14,20.37732682,1.309147211,0.765035731,783.2500117,440.8900066,1264.467519,836.5575125,6.187958195,22.18125002,1019.620016,297.3799968,1317.000021,321.7599943,9.216666718,24.46499983
H16,H,16,5,b,H16_5,SRD,2.458030118,0.179189215,3,50.98800263,10.84716048,3,1359.725873,0.727447217,1,7.582201389,3,89.86666667,4.084172261,85.634,0.980933333,0.3093,89.09345969,0.451981029,4.013518506,-3.004470416,-4.83,28.15072614,1.449489602,0.879795315,783.2500117,440.8900066,1264.467519,836.5575125,6.187958195,22.18125002,1019.620016,297.3799968,1317.000021,321.7599943,9.216666718,24.46499983
H18,H,18,1,c,H18_1,SON,2.65301163,0.344227144,3,34.00995011,11.28345385,3,1063.194616,0.800146123,2,5.115740741,3,44.26666667,1.837590265,42.33333333,0.487966667,0.117133333,86.65022719,0.454599742,4.424219687,-4.455543036,-4.63,27.12185033,1.433319315,0.708908527,981.6850146,290.5950043,1284.692519,454.6725068,7.928645656,23.48758337,1019.620016,297.3799968,1317.000021,321.7599943,9.216666718,24.46499983
H18,H,18,2,a,H18_2,SON,2.493981915,0.223344199,3,18.13298533,NA,1,570.7024629,0.807672096,2,5.83807619,3,93.67333333,3.500714509,59.58833333,0.6485,0.2629,92.43529689,0.439491895,2.471050718,-3.640848863,-3.57,30.20655472,1.480101194,0.766269758,981.6850146,290.5950043,1284.692519,454.6725068,7.928645656,23.48758337,1019.620016,297.3799968,1317.000021,321.7599943,9.216666718,24.46499983
H18,H,18,3,c,H18_3,SON,2.185084597,0.346784778,4,45.08837384,25.12908366,4,566.0016225,0.797716069,2,4.905874218,6,96.07666667,3.790325719,59.83333333,0.809483333,0.318216667,74.41227985,0.424227607,2.742242487,NA,-3.2,18.12840046,1.258359486,0.690716409,981.6850146,290.5950043,1284.692519,454.6725068,7.928645656,23.48758337,1019.620016,297.3799968,1317.000021,321.7599943,9.216666718,24.46499983
H18,H,18,4,b,H18_4,SON,2.587281767,0.467625766,4,26.767642,NA,1,578.6728403,0.769269756,2,6.232307407,3,46.73333333,3.069097494,70.342,0.9122,0.143733333,77.62735548,0.460985517,8.435006403,-3.133497399,-5.21,20.94178306,1.321013656,0.794648867,981.6850146,290.5950043,1284.692519,454.6725068,7.928645656,23.48758337,1019.620016,297.3799968,1317.000021,321.7599943,9.216666718,24.46499983
H18,H,18,5,b,H18_5,SON,2.385069576,0.365334536,4,31.16331154,5.494941943,3,267.6974248,0.772601948,2,5.287193939,3,60.83,2.97624016,72.86233333,0.893733333,0.159466667,82.37423108,0.469668947,6.279274597,NA,-5.18,20.34522986,1.308462601,0.723225241,981.6850146,290.5950043,1284.692519,454.6725068,7.928645656,23.48758337,1019.620016,297.3799968,1317.000021,321.7599943,9.216666718,24.46499983
H22,H,22,1,c,H22_1,SJR,2.820959304,0.867860889,4,54.02284263,4.222573968,3,746.7494204,0.819160875,2,4.594444444,3,70.87333333,3.131015959,46.66666667,0.574566667,0.178233333,82.01884366,0.463930986,3.43638386,NA,-4.35,20.35898248,1.308756069,0.662233004,993.3000148,354.3625053,1367.29002,471.685007,7.802395659,24.51885417,1093.829991,311.7699938,1405.599983,325.139994,9.708333373,25.4391667
H22,H,22,3,a,H22_3,SJR,3.027434365,0.926512203,6,34.54764178,16.58319453,3,830.8723123,0.757710073,2,5.597246349,3,130.92,3.915314564,116.5833333,1.322833333,0.314333333,90.2406657,0.447120595,4.18515115,NA,-4.35,26.45138448,1.422448408,0.747974422,993.3000148,354.3625053,1367.29002,471.685007,7.802395659,24.51885417,1093.829991,311.7699938,1405.599983,325.139994,9.708333373,25.4391667
H22,H,22,5,c,H22_5,SJR,2.780725465,0.482639671,5,62.78817654,11.37227577,3,866.203342,0.775080507,2,4.299603175,3,37.26,1.766998242,30.33333333,0.348333333,0.066133333,87.18736538,0.411446251,6.007566407,-3.929485263,-4.91,16.47195262,1.216745084,0.633428375,993.3000148,354.3625053,1367.29002,471.685007,7.802395659,24.51885417,1093.829991,311.7699938,1405.599983,325.139994,9.708333373,25.4391667
H22,H,22,6,c,H22_6,SJR,2.316624035,0.325090028,3,35.61052395,20.30201085,4,348.8706324,0.828090776,2,3.299011111,3,74.04,3.840361399,43.62133333,0.5319,0.193833333,83.38874906,0.408479632,2.974460871,NA,NA,12.95030086,1.112279858,0.518383778,993.3000148,354.3625053,1367.29002,471.685007,7.802395659,24.51885417,1093.829991,311.7699938,1405.599983,325.139994,9.708333373,25.4391667
H22,H,22,8,b,H22_8,SJR,2.133797588,0.258320076,3,42.28041194,4.468074876,3,1857.793522,0.766368347,1,4.583285573,2,151.275,3.333788311,102.9055,1.1306,0.36215,91.48455634,0.466277942,3.141945633,NA,-1.871222193,33.01491644,1.518710202,0.661176918,993.3000148,354.3625053,1367.29002,471.685007,7.802395659,24.51885417,1093.829991,311.7699938,1405.599983,325.139994,9.708333373,25.4391667
H26,H,26,1,c,H26_1,SMR,2.768221636,0.560128547,3,27.79460179,16.95057136,2,183.7019448,0.792815004,2,3.704232804,3,34.52666667,1.743327942,33,0.398733333,0.067066667,84.0160792,0.396738532,7.031155618,NA,-5.67,17.02596437,1.23111172,0.568698273,985.8075147,355.4100053,1351.91752,560.4525084,8.560978975,23.0505417,1035.599998,345.6000028,1381.199997,294.3299987,9.929999948,24.52666672
H26,H,26,3,c,H26_3,SMR,1.974655855,0.592630814,4,51.42791157,15.53538964,2,1184.819182,0.729523051,2,NA,NA,NA,NA,NA,NA,NA,NA,NA,NA,-3.89885502,-4.06,26.24203952,1.418997585,NA,985.8075147,355.4100053,1351.91752,560.4525084,8.560978975,23.0505417,1035.599998,345.6000028,1381.199997,294.3299987,9.929999948,24.52666672
H26,H,26,4,b,H26_4,SMR,2.849874847,0.539043573,3,58.18836396,22.32699702,2,820.8081456,0.721684995,2,3.772468013,3,60.98333333,2.475380116,35.46366667,0.4129,0.1471,89.6155211,0.426701794,4.548458654,NA,-5.38,16.19176715,1.20929425,0.576625566,985.8075147,355.4100053,1351.91752,560.4525084,8.560978975,23.0505417,1035.599998,345.6000028,1381.199997,294.3299987,9.929999948,24.52666672
H26,H,26,6,c,H26_6,SMR,2.669092954,0.460932839,3,38.3687255,9.989323372,3,445.5710884,0.802461394,2,3.5,3,54.9,1.794221742,36.33333333,0.465433333,0.108233333,78.22199498,0.419137539,4.595583659,-3.695183058,-3.87,16.62855453,1.220854499,0.544068044,985.8075147,355.4100053,1351.91752,560.4525084,8.560978975,23.0505417,1035.599998,345.6000028,1381.199997,294.3299987,9.929999948,24.52666672
H26,H,26,8,c,H26_8,SMR,2.025456016,0.123065721,5,55.36351986,18.58879322,3,863.8606294,0.741979495,2,3.4284,3,194.77,4.389936493,53.175,0.5516,0.5054,97.65314667,0.409223658,1.148829863,-3.843780705,-3.95,15.48163576,1.189816846,0.535091486,985.8075147,355.4100053,1351.91752,560.4525084,8.560978975,23.0505417,1035.599998,345.6000028,1381.199997,294.3299987,9.929999948,24.52666672
H3,H,3,1,b,H3_1,LYN,2.829133065,0.594514118,4,29.95580838,8.944880092,2,300.9628617,0.748462747,3,3.840930861,6,103.435,3.604123814,50.49216667,0.648233333,0.260066667,78.28567445,0.441289145,3.161588012,-3.59788348,-3.971999383,14.61735027,1.164868654,0.58443649,671.70251,456.0125068,1144.422517,849.1050127,7.29620817,22.08297918,684.149992,493.9500048,1178.1,704.2800003,9.753333449,22.9466664
H3,H,3,2,a,H3_2,LYN,2.636617401,0.408595592,6,41.24301282,14.87872835,4,533.8219582,0.766192602,2,4.432442068,3,73.62666667,4.006478929,54.33333333,0.775633333,0.2852,71.74868828,0.43594161,4.131321435,-4.31134542,-4.8,17.72173008,1.248506118,0.646643068,671.70251,456.0125068,1144.422517,849.1050127,7.29620817,22.08297918,684.149992,493.9500048,1178.1,704.2800003,9.753333449,22.9466664
H3,H,3,3,b,H3_3,LYN,2.949223556,0.682694701,4,41.32474582,14.47752919,3,509.4088619,0.768,1,6.661616162,3,95.93333333,4.155410782,81,1.113733333,0.345766667,74.24784896,0.43838425,3.979901664,NA,-3.86,20.72966159,1.316592212,0.823579605,671.70251,456.0125068,1144.422517,849.1050127,7.29620817,22.08297918,684.149992,493.9500048,1178.1,704.2800003,9.753333449,22.9466664
H3,H,3,5,c,H3_5,LYN,2.959666862,0.342234282,3,31.73168076,7.64147812,3,836.0571079,NA,NA,6.092929293,3,112.99,5.711304906,90,1.413933333,0.540033333,66.35504474,0.423882183,3.443818068,NA,-4.19,18.46944506,1.266453847,0.784826138,671.70251,456.0125068,1144.422517,849.1050127,7.29620817,22.08297918,684.149992,493.9500048,1178.1,704.2800003,9.753333449,22.9466664
H3,H,3,6,a,H3_6,LYN,2.382621594,0.498301917,4,48.73957186,7.979147257,3,1148.923692,0.763744317,2,6.698578042,6,61.05,3.059970877,57.64033333,0.743583333,0.1769,78.24031769,0.42489486,6.637446824,-4.564735474,NA,21.58752628,1.334202879,0.825982622,671.70251,456.0125068,1144.422517,849.1050127,7.29620817,22.08297918,684.149992,493.9500048,1178.1,704.2800003,9.753333449,22.9466664
W1,W,1,1,NA,W1_1,SMT,1.975861334,0.255080041,4,39.06228009,11.59458204,3,1884.889036,0.768968595,3,8.047619048,3,39.39666667,2.257391401,65.33333333,0.7155,0.0928,90.68888403,0.423861765,9.778540985,-4.47,-3.09,37.44818675,1.573430794,0.90566741,690.0800103,481.3300072,1174.547518,1221.930018,10.3815206,23.58504164,719.2700043,467.1299999,1186.400002,759.229991,10.19833354,24.67333333
W1,W,1,2,NA,W1_2,SMT,1.418522178,0.146753866,3,29.17427396,28.52437442,3,352.1663867,0.748795391,3,12.41541587,3,63.40333333,3.639654354,105.03,1.113933333,0.272633333,92.04335977,0.436294412,11.21859739,NA,NA,25.62753228,1.408706789,1.093961271,690.0800103,481.3300072,1174.547518,1221.930018,10.3815206,23.58504164,719.2700043,467.1299999,1186.400002,759.229991,10.19833354,24.67333333
W1,W,1,3,NA,W1_3,SMT,1.842351051,0.039210446,3,28.16575581,2.824849419,3,235.8680181,0.756711652,3,5.966720118,3,35.32,3.32252512,57.25333333,0.666766667,0.1096,88.81129325,0.434937252,7.069082939,-2.8,-5.33,16.66098425,1.221700654,0.775735667,690.0800103,481.3300072,1174.547518,1221.930018,10.3815206,23.58504164,719.2700043,467.1299999,1186.400002,759.229991,10.19833354,24.67333333
W1,W,1,4,NA,W1_4,SMT,2.307177453,0.340391784,7,38.6168542,26.02646899,2,712.1611531,0.720337025,2,6.454472222,3,57.65,3.603901284,61.05966667,0.825,0.1683,79.27053797,0.433772618,5.304936251,-3.66,-5.53,19.06665444,1.280274496,0.809860736,690.0800103,481.3300072,1174.547518,1221.930018,10.3815206,23.58504164,719.2700043,467.1299999,1186.400002,759.229991,10.19833354,24.67333333
W1,W,1,5,NA,W1_5,SMT,2.106964479,0.319333256,6,32.88292407,2.010101407,3,238.4827345,0.78646666,3,4.376461905,3,29.51,1.716409147,30.40133333,0.368333333,0.067733333,83.40638392,0.403766018,6.586206192,NA,NA,17.11168539,1.233292787,0.641123152,690.0800103,481.3300072,1174.547518,1221.930018,10.3815206,23.58504164,719.2700043,467.1299999,1186.400002,759.229991,10.19833354,24.67333333
W15,W,15,1,NA,W15_1,SUG,2.351660011,0.261844001,4,29.52978955,NA,2,664.2106525,0.688667075,3,7.665138889,3,67.26333333,3.650641201,77.84966667,1.0189,0.2389,77.88665444,0.432501198,10.54175167,NA,NA,24.69230371,1.39256161,0.884520028,733.8575109,392.9775059,1193.297518,1014.252515,4.944791556,21.16574999,728.2399998,519.7600031,1248.000004,768.570014,8.170833349,22.24083304
W15,W,15,2,NA,W15_2,SUG,1.698807197,0.137121967,4,46.91698716,15.53893061,3,1123.568179,0.703750119,3,5.825059524,3,38.56,1.295502635,44.82633333,0.4781,0.061433333,93.66951705,0.447800579,7.808002319,-4.68,-5.06,30.00772034,1.477233004,0.765300368,733.8575109,392.9775059,1193.297518,1014.252515,4.944791556,21.16574999,728.2399998,519.7600031,1248.000004,768.570014,8.170833349,22.24083304
W15,W,15,3,NA,W15_3,SUG,1.924801623,0.009530367,2,51.03740686,25.19748367,4,1041.66523,0.678496536,2,6.820240741,3,20.54333333,1.906135163,52.03133333,0.613466667,0.045266667,87.63480275,0.415744392,14.02243713,-2.83,-3.66,27.92978092,1.446067529,0.833799705,733.8575109,392.9775059,1193.297518,1014.252515,4.944791556,21.16574999,728.2399998,519.7600031,1248.000004,768.570014,8.170833349,22.24083304
W15,W,15,5,NA,W15_5,SUG,1.852543474,0.262658188,3,36.64481101,4.999099197,3,521.304877,0.684530147,3,5.4209,3,23.53,1.463214231,29.154,0.3733,0.049366667,88.50008566,0.409510147,8.251856921,-4.04,-4.18,18.38038242,1.264354543,0.734071396,733.8575109,392.9775059,1193.297518,1014.252515,4.944791556,21.16574999,728.2399998,519.7600031,1248.000004,768.570014,8.170833349,22.24083304
W15,W,15,6,NA,W15_6,SUG,1.756284658,0.06238157,2,21.29390657,9.761348806,3,521.8437963,0.676277403,3,7.284892593,3,30.29,2.077296693,50.08366667,0.55,0.066233333,93.20008938,0.381858237,8.18964267,-1.1,-3.92,24.14173994,1.382768567,0.862423153,733.8575109,392.9775059,1193.297518,1014.252515,4.944791556,21.16574999,728.2399998,519.7600031,1248.000004,768.570014,8.170833349,22.24083304
W16,W,16,1,NA,W16_1,SRD,1.53078163,0.187935252,3,24.6184977,7.58573362,4,1209.481995,0.74685636,2,8.371533333,3,20.31333333,1.66383692,41.85766667,0.538166667,0.0586,78.01654543,0.499495356,9.594924963,-4.2,-3.74,33.74892852,1.528259989,0.922805011,783.2500117,440.8900066,1264.467519,836.5575125,6.187958195,22.18125002,1019.620016,297.3799968,1317.000021,321.7599943,9.216666718,24.46499983
W16,W,16,2,NA,W16_2,SRD,1.64909615,0.087850445,3,20.04455093,5.7835497,4,601.7184123,0.765787839,2,11.64551347,3,43.16333333,2.969695176,124.6213333,1.311066667,0.2343,95.32600773,0.440264444,6.02302079,-3.8,NA,40.23618967,1.604616847,1.066158642,783.2500117,440.8900066,1264.467519,836.5575125,6.187958195,22.18125002,1019.620016,297.3799968,1317.000021,321.7599943,9.216666718,24.46499983
W16,W,16,3,NA,W16_3,SRD,1.626041856,0.207150939,3,38.05843339,3.908881127,3,865.8336368,0.774569758,2,5.680906746,3,30.45,1.450487873,39.923,0.464833333,0.064733333,85.81301336,0.491692839,7.656394294,-3,NA,24.98315759,1.397647327,0.75441766,783.2500117,440.8900066,1264.467519,836.5575125,6.187958195,22.18125002,1019.620016,297.3799968,1317.000021,321.7599943,9.216666718,24.46499983
W16,W,16,5,NA,W16_5,SRD,1.692883657,0.191972709,4,28.53558879,12.68348205,3,679.8092413,0.742812749,2,7.362097222,3,30.82333333,1.6432304,48.88566667,0.531266667,0.0956,91.82754622,0.451269695,5.681244585,NA,NA,29.26584622,1.466361086,0.867001548,783.2500117,440.8900066,1264.467519,836.5575125,6.187958195,22.18125002,1019.620016,297.3799968,1317.000021,321.7599943,9.216666718,24.46499983
W16,W,16,6,NA,W16_6,SRD,1.60394417,0.217962964,3,44.66465746,16.76605982,3,1167.835747,0.772998923,2,8.370135714,3,46.30333333,2.436302195,70.57533333,0.884566667,0.1536,80.86553642,0.50761723,5.650915425,-3.4,-5.23,29.18702236,1.465189791,0.9227325,783.2500117,440.8900066,1264.467519,836.5575125,6.187958195,22.18125002,1019.620016,297.3799968,1317.000021,321.7599943,9.216666718,24.46499983
W18,W,18,1,NA,W18_1,SON,1.806471756,0.203401222,5,47.21987251,8.22133919,3,846.8075496,0.708032227,3,5.261403509,3,121.5466667,4.188502225,80,1.199,0.36,67.37491013,0.449489531,3.50004006,NA,-0.98,18.11362981,1.258005488,0.72110161,981.6850146,290.5950043,1284.692519,454.6725068,7.928645656,23.48758337,1019.620016,297.3799968,1317.000021,321.7599943,9.216666718,24.46499983
W18,W,18,2,NA,W18_2,SON,2.263711562,0.43215752,4,29.86161139,1.692114928,2,163.636297,0.716679643,3,6.252046784,3,81.26,4.262434373,75.33333333,0.9958,0.26,77.03434287,0.408196013,4.369477625,-3.9,-4.66,14.21101369,1.152625058,0.796022219,981.6850146,290.5950043,1284.692519,454.6725068,7.928645656,23.48758337,1019.620016,297.3799968,1317.000021,321.7599943,9.216666718,24.46499983
W18,W,18,3,NA,W18_3,SON,1.750190298,0.225120841,3,60.06550687,7.291296672,3,815.7283478,0.733373923,3,4.984343434,3,63.92666667,2.161860805,51.66666667,0.565833333,0.126666667,92.67063276,0.376446005,4.611527778,-3.9,-3.98,18.21886029,1.260521205,0.697607959,981.6850146,290.5950043,1284.692519,454.6725068,7.928645656,23.48758337,1019.620016,297.3799968,1317.000021,321.7599943,9.216666718,24.46499983
W18,W,18,4,NA,W18_4,SON,2.219228096,0.249268981,5,37.00513041,23.27648264,2,675.8712176,0.704139101,2,5.137426901,3,85.78333333,5.012882318,69.66666667,0.9239,0.25,77.95772593,0.476713398,4.897777778,NA,-4.46,13.88458396,1.142532871,0.710745655,981.6850146,290.5950043,1284.692519,454.6725068,7.928645656,23.48758337,1019.620016,297.3799968,1317.000021,321.7599943,9.216666718,24.46499983
W18,W,18,5,NA,W18_5,SON,1.60370754,0.05353019,3,29.44337205,7.779540236,3,462.4303213,0.709467981,3,4.383012821,3,69.15333333,2.620245353,56.33333333,0.636233333,0.17,89.40265914,0.471453054,4.279796627,NA,-2.24,19.586648,1.291960118,0.641772741,981.6850146,290.5950043,1284.692519,454.6725068,7.928645656,23.48758337,1019.620016,297.3799968,1317.000021,321.7599943,9.216666718,24.46499983
W22,W,22,3,NA,W22_3,SJR,2.070927668,0.233971277,3,27.90870621,8.408335697,2,1088.398236,0.709480122,1,10.16501372,0,NA,NA,83.7526,NA,NA,NA,NA,NA,-3.14,-3.84,28.54603,1.455545718,1.007107969,993.3000148,354.3625053,1367.29002,471.685007,7.802395659,24.51885417,1093.829991,311.7699938,1405.599983,325.139994,9.708333373,25.4391667
W22,W,22,4,NA,W22_4,SJR,1.985521185,0.178232912,4,35.91474216,14.4359389,2,527.429589,0.757493724,2,7.331755316,0,NA,NA,74.33714286,0.91282,NA,89.28444821,NA,NA,-3.67,-4.07,30.08049887,1.478285035,0.865207963,993.3000148,354.3625053,1367.29002,471.685007,7.802395659,24.51885417,1093.829991,311.7699938,1405.599983,325.139994,9.708333373,25.4391667
W22,W,22,5,NA,W22_5,SJR,2.123308991,0.534110216,4,42.01074208,5.016643653,3,1101.399625,0.722479186,1,8.142249242,0,NA,NA,99.24625,0.5863,NA,103.8035136,0.425163162,NA,NA,-5.65,29.76394998,1.473690566,0.910744392,993.3000148,354.3625053,1367.29002,471.685007,7.802395659,24.51885417,1093.829991,311.7699938,1405.599983,325.139994,9.708333373,25.4391667
W26,W,26,1,NA,W26_1,SMR,2.484016953,0.244237005,3,80.77754923,17.75861041,2,734.9451538,0.691736495,3,3.659090909,3,64.74666667,3.143844128,38.66666667,0.686633333,0.16,56.59887386,0.463703997,5.433249158,NA,NA,12.55931002,1.098965781,0.5633732,985.8075147,355.4100053,1351.91752,560.4525084,8.560978975,23.0505417,1035.599998,345.6000028,1381.199997,294.3299987,9.929999948,24.52666672
W26,W,26,2,NA,W26_2,SMR,2.192318795,0.263517336,3,69.1689263,22.30167625,4,1475.612815,0.628107968,3,5.138461538,3,64.59333333,2.775728009,63,0.828466667,0.103333333,75.63633349,0.386305945,8.426468254,-3.76,-4.59,23.85254715,1.377534763,0.71083311,985.8075147,355.4100053,1351.91752,560.4525084,8.560978975,23.0505417,1035.599998,345.6000028,1381.199997,294.3299987,9.929999948,24.52666672
W26,W,26,3,NA,W26_3,SMR,1.958887258,0.330219422,5,40.55914847,23.33775892,3,578.7443305,0.756072686,3,5.018981481,3,88.53333333,5.07186572,70,1.064433333,0.486666667,65.49176005,0.419889101,2.886983629,-2.93,-3.67,20.98476832,1.321904179,0.700615593,985.8075147,355.4100053,1351.91752,560.4525084,8.560978975,23.0505417,1035.599998,345.6000028,1381.199997,294.3299987,9.929999948,24.52666672
W26,W,26,7,NA,W26_7,SMR,2.485391094,0.400695549,4,68.04476366,21.24709218,4,951.6799805,0.74364657,3,2.260233918,3,83.27333333,2.957128805,46,0.519166667,0.16,89.3598056,0.387752619,3.445318979,-4.007279734,-4,18.95126924,1.277638302,0.354153388,985.8075147,355.4100053,1351.91752,560.4525084,8.560978975,23.0505417,1035.599998,345.6000028,1381.199997,294.3299987,9.929999948,24.52666672
W26,W,26,8,NA,W26_8,SMR,2.602164758,0.429238379,4,58.64349865,2.944801493,2,515.8256871,0.752662445,3,4.418003565,3,95.59333333,3.767842969,59.33333333,0.8099,0.363333333,73.16570157,0.468321879,2.250084175,-3.253676896,-4.2,16.74977839,1.224009065,0.645226062,985.8075147,355.4100053,1351.91752,560.4525084,8.560978975,23.0505417,1035.599998,345.6000028,1381.199997,294.3299987,9.929999948,24.52666672
W3,W,3,1,NA,W3_1,LYN,1.689519924,0.472255105,4,28.94830385,7.040747126,3,369.9629703,0.701580577,3,7.057549858,3,76.81666667,6.730612097,88.66666667,1.498266667,0.480133333,59.77354974,0.469657168,3.723081481,-3.54,-4.87828408,13.45472583,1.128874853,0.848653955,671.70251,456.0125068,1144.422517,849.1050127,7.29620817,22.08297918,684.149992,493.9500048,1178.1,704.2800003,9.753333449,22.9466664
W3,W,3,2,NA,W3_2,LYN,1.579612085,0.130293094,4,46.30504415,10.42954075,3,1879.379969,0.665660034,2,6.105665349,3,50.63,3.172109735,84,1.2938,0.1949,65.09278748,0.500224754,8.247361834,-3.77,-5.183013614,26.00122359,1.414993786,0.785732997,671.70251,456.0125068,1144.422517,849.1050127,7.29620817,22.08297918,684.149992,493.9500048,1178.1,704.2800003,9.753333449,22.9466664
W3,W,3,3,NA,W3_3,LYN,1.81242745,0.487394837,4,52.62878264,17.97448026,2,322.9011058,0.755230511,3,8.137566138,3,83.89,6.604386977,97.33333333,1.573033333,0.521133333,63.38958703,0.475680726,3.628495292,NA,-5.6,12.15369882,1.08470847,0.910494531,671.70251,456.0125068,1144.422517,849.1050127,7.29620817,22.08297918,684.149992,493.9500048,1178.1,704.2800003,9.753333449,22.9466664
W3,W,3,4,NA,W3_4,LYN,1.416250994,0.078916369,4,30.12314192,7.285702624,3,795.5457076,0.774779263,2,5.303418803,3,58.13,2.975638021,68.66666667,1.118766667,0.253433333,61.44752698,0.495068992,4.43920514,-4.12,-4.83,25.49989842,1.40653845,0.724555924,671.70251,456.0125068,1144.422517,849.1050127,7.29620817,22.08297918,684.149992,493.9500048,1178.1,704.2800003,9.753333449,22.9466664
W3,W,3,7,NA,W3_7,LYN,1.985507689,0.196822192,3,24.71964865,5.987112622,2,519.2040316,0.705633589,3,6.666666667,3,39.32333333,3.822905199,49.66666667,0.7677,0.1975,65.52182676,0.483654989,3.841422593,NA,NA,16.34680443,1.213432867,0.823908741,671.70251,456.0125068,1144.422517,849.1050127,7.29620817,22.08297918,684.149992,493.9500048,1178.1,704.2800003,9.753333449,22.9466664
W1,W,1,6,NA,W1_6,SMT,NA,NA,NA,NA,NA,NA,NA,0.741603999,3,4.452930556,3,52.10333333,2.804412496,42.35,0.5391,0.1389,77.87951995,0.447678008,3.993664668,NA,-3.04,14.98890704,1.175769966,0.648645922,690.0800103,481.3300072,1174.547518,1221.930018,10.3815206,23.58504164,719.2700043,467.1299999,1186.400002,759.229991,10.19833354,24.67333333
W1,W,1,7,NA,W1_7,SMT,NA,NA,NA,NA,NA,NA,NA,0.75233629,6,5.321365909,5,40.8025,2.86288277,49.8602,0.67572,0.1457,75.94684714,0.417049594,4.933410288,NA,-5.16,17.43765809,1.241488158,0.726023123,690.0800103,481.3300072,1174.547518,1221.930018,10.3815206,23.58504164,719.2700043,467.1299999,1186.400002,759.229991,10.19833354,24.67333333
W15,W,15,4,NA,W15_4,SUG,NA,NA,NA,NA,NA,NA,NA,0.639456691,3,4.76020172,3,33.19333333,1.544386587,38.43433333,0.4344,0.064933333,89.21935937,0.40366466,7.26909672,NA,NA,26.30047187,1.41996354,0.677625357,733.8575109,392.9775059,1193.297518,1014.252515,4.944791556,21.16574999,728.2399998,519.7600031,1248.000004,768.570014,8.170833349,22.24083304
W16,W,16,4,NA,W16_4,SRD,NA,NA,NA,NA,NA,NA,NA,0.793235972,1,4.931928571,3,18.44333333,1.398023276,30.23166667,0.3726,0.045033333,83.94713804,0.414934969,8.851013867,NA,NA,24.90558487,1.396296745,0.693016778,783.2500117,440.8900066,1264.467519,836.5575125,6.187958195,22.18125002,1019.620016,297.3799968,1317.000021,321.7599943,9.216666718,24.46499983
W16,W,16,7,NA,W16_7,SRD,NA,NA,NA,NA,NA,NA,NA,0.742462107,2,5.134212121,3,39.73333333,2.118390471,60.017,0.6593,0.1769,91.33695057,0.511532611,4.616262969,NA,-4.21,28.67796941,1.457548397,0.710473808,783.2500117,440.8900066,1264.467519,836.5575125,6.187958195,22.18125002,1019.620016,297.3799968,1317.000021,321.7599943,9.216666718,24.46499983
W16,W,16,8,NA,W16_8,SRD,NA,NA,NA,NA,NA,NA,NA,0.705575222,3,4.93715303,3,58.5,3.048089548,63.22433333,0.6364,0.210366667,101.0180932,0.478486144,5.256727368,NA,NA,23.33619325,1.368030013,0.693476589,783.2500117,440.8900066,1264.467519,836.5575125,6.187958195,22.18125002,1019.620016,297.3799968,1317.000021,321.7599943,9.216666718,24.46499983
W18,W,18,6,NA,W18_6,SON,NA,NA,NA,NA,NA,NA,NA,0.663224541,3,8.407738095,3,120.67,7.734889092,117.6666667,1.88,0.726666667,63.48223379,0.404150034,2.597419674,NA,-4.84,15.25977875,1.183548237,0.924679175,981.6850146,290.5950043,1284.692519,454.6725068,7.928645656,23.48758337,1019.620016,297.3799968,1317.000021,321.7599943,9.216666718,24.46499983
W18,W,18,7,NA,W18_7,SON,NA,NA,NA,NA,NA,NA,NA,0.701061723,3,4.512626263,3,77.30333333,3.875416338,51.33333333,0.768133333,0.186666667,66.80711799,0.439226464,4.36974359,NA,-4.55,13.32406669,1.124636798,0.654429367,981.6850146,290.5950043,1284.692519,454.6725068,7.928645656,23.48758337,1019.620016,297.3799968,1317.000021,321.7599943,9.216666718,24.46499983
W18,W,18,8,NA,W18_8,SON,NA,NA,NA,NA,NA,NA,NA,0.747503283,3,5.761849262,3,69.38666667,4.339874631,69.33333333,0.869266667,0.136666667,79.8545708,0.414520315,6.717360924,NA,-3.79,16.40850651,1.215069054,0.760561892,981.6850146,290.5950043,1284.692519,454.6725068,7.928645656,23.48758337,1019.620016,297.3799968,1317.000021,321.7599943,9.216666718,24.46499983
W22,W,22,1,NA,W22_1,SJR,NA,NA,NA,NA,NA,NA,NA,0.730872555,2,NA,NA,NA,NA,NA,NA,NA,NA,NA,NA,NA,-4.55,NA,NA,NA,993.3000148,354.3625053,1367.29002,471.685007,7.802395659,24.51885417,1093.829991,311.7699938,1405.599983,325.139994,9.708333373,25.4391667
W22,W,22,2,NA,W22_2,SJR,NA,NA,NA,NA,NA,NA,NA,0.754562618,1,NA,NA,NA,NA,NA,NA,NA,NA,NA,NA,NA,-4.26,NA,NA,NA,993.3000148,354.3625053,1367.29002,471.685007,7.802395659,24.51885417,1093.829991,311.7699938,1405.599983,325.139994,9.708333373,25.4391667
W22,W,22,6,NA,W22_6,SJR,NA,NA,NA,NA,NA,NA,NA,0.734848059,2,NA,NA,NA,NA,NA,NA,NA,NA,NA,NA,-4.054783005,-3.34,NA,NA,NA,993.3000148,354.3625053,1367.29002,471.685007,7.802395659,24.51885417,1093.829991,311.7699938,1405.599983,325.139994,9.708333373,25.4391667
W26,W,26,5,NA,W26_5,SMR,NA,NA,NA,NA,NA,NA,NA,0.731951892,3,2.733012821,3,83.93666667,2.83505175,35.66666667,0.401333333,0.14,88.91282929,0.41152001,3.691182195,NA,-3.84,12.92613006,1.111468521,0.436641669,985.8075147,355.4100053,1351.91752,560.4525084,8.560978975,23.0505417,1035.599998,345.6000028,1381.199997,294.3299987,9.929999948,24.52666672
W26,W,26,6,NA,W26_6,SMR,NA,NA,NA,NA,NA,NA,NA,0.703829031,3,3.262393162,3,139.6833333,3.388574196,43,0.4821,0.256666667,89.41389993,0.428867835,2.660280142,NA,NA,14.34067428,1.156569572,0.513536298,985.8075147,355.4100053,1351.91752,560.4525084,8.560978975,23.0505417,1035.599998,345.6000028,1381.199997,294.3299987,9.929999948,24.52666672
W26,W,26,9,NA,W26_9,SMR,NA,NA,NA,NA,NA,NA,NA,0.745665633,3,3.212962963,3,105.8466667,2.763187818,35.33333333,0.5229,0.196666667,69.84732858,0.421258293,2.625200747,NA,-3.54,13.00799257,1.11421028,0.506905719,985.8075147,355.4100053,1351.91752,560.4525084,8.560978975,23.0505417,1035.599998,345.6000028,1381.199997,294.3299987,9.929999948,24.52666672
W3,W,3,5,NA,W3_5,LYN,NA,NA,NA,NA,NA,NA,NA,0.763571215,3,8.779054279,3,77.57666667,7.405647273,111,1.903566667,0.570366667,59.08375581,0.492287741,4.159291309,NA,NA,16.43630567,1.215804209,0.943447734,671.70251,456.0125068,1144.422517,849.1050127,7.29620817,22.08297918,684.149992,493.9500048,1178.1,704.2800003,9.753333449,22.9466664
W3,W,3,6,NA,W3_6,LYN,NA,NA,NA,NA,NA,NA,NA,0.772863959,3,8.848717949,3,81.99,6.093086954,95.33333333,1.6777,0.4568,58.38783085,0.50039369,4.332058578,NA,NA,16.37787858,1.214257647,0.946880352,671.70251,456.0125068,1144.422517,849.1050127,7.29620817,22.08297918,684.149992,493.9500048,1178.1,704.2800003,9.753333449,22.9466664
W3,W,3,8,NA,W3_8,LYN,NA,NA,NA,NA,NA,NA,NA,0.723898119,2,6.166666667,3,46.93,4.397444317,90,1.441133333,0.293866667,65.8854657,0.4873357,6.47003766,NA,NA,20.6730594,1.315404752,0.790050474,671.70251,456.0125068,1144.422517,849.1050127,7.29620817,22.08297918,684.149992,493.9500048,1178.1,704.2800003,9.753333449,22.9466664
H22,H,22,4,c,H22_4,SJR,NA,NA,NA,NA,NA,NA,NA,NA,NA,4.365413255,3,74.03,2.919162075,53.45766667,0.6775,0.206433333,84.58415318,0.426798138,4.302612308,NA,NA,20.09890061,1.303172303,0.640025363,993.3000148,354.3625053,1367.29002,471.685007,7.802395659,24.51885417,1093.829991,311.7699938,1405.599983,325.139994,9.708333373,25.4391667
H3,H,3,4,b,H3_4,LYN,NA,NA,NA,NA,NA,NA,NA,NA,NA,4.529240476,3,94.53666667,5.424660757,53.46433333,0.756333333,0.444666667,73.23670804,0.464934072,3.680667947,NA,NA,11.53102204,1.061867802,0.65602538,671.70251,456.0125068,1144.422517,849.1050127,7.29620817,22.08297918,684.149992,493.9500048,1178.1,704.2800003,9.753333449,22.9466664
H15,H,15,6,b,H15_6,SUG,NA,NA,NA,NA,NA,NA,NA,NA,NA,NA,NA,NA,NA,NA,NA,NA,NA,NA,NA,-4.99564538,-6.45,NA,NA,NA,733.8575109,392.9775059,1193.297518,1014.252515,4.944791556,21.16574999,728.2399998,519.7600031,1248.000004,768.570014,8.170833349,22.24083304
W1,W,1,8,NA,W1_8,SMT,NA,NA,NA,NA,NA,NA,NA,NA,NA,NA,NA,NA,NA,NA,NA,NA,NA,NA,NA,NA,-5.235432923,NA,NA,NA,690.0800103,481.3300072,1174.547518,1221.930018,10.3815206,23.58504164,719.2700043,467.1299999,1186.400002,759.229991,10.19833354,24.67333333