"","tagid","site","pop","rep","lwp_MPa","kleaf","site.pop","site.rep","cwd","pet","aet","ppt","tmn","tmx","Tdjf","Tjja","Ele","ind","ind.id"
"1","H1_1_c","H","1","1",0.606896552,2.047105593,"H1","H.1",690.0800103,1174.547518,481.3300072,1221.930018,10.3815206,23.58504164,3.762749916,34.29091657,229,"c","H1_1_c"
"2","H1_1_c","H","1","1",0.551724138,2.084740816,"H1","H.1",690.0800103,1174.547518,481.3300072,1221.930018,10.3815206,23.58504164,3.762749916,34.29091657,229,"c","H1_1_c"
"3","H1_1_c","H","1","1",0.634482759,2.09313354,"H1","H.1",690.0800103,1174.547518,481.3300072,1221.930018,10.3815206,23.58504164,3.762749916,34.29091657,229,"c","H1_1_c"
"4","W1_1","W","1","1",1.255172414,2.332899874,"W1","W.1",690.0800103,1174.547518,481.3300072,1221.930018,10.3815206,23.58504164,3.762749916,34.29091657,229,"","W1_1_"
"5","W1_1","W","1","1",1.434482759,1.875142788,"W1","W.1",690.0800103,1174.547518,481.3300072,1221.930018,10.3815206,23.58504164,3.762749916,34.29091657,229,"","W1_1_"
"6","W1_1","W","1","1",1.448275862,1.736510584,"W1","W.1",690.0800103,1174.547518,481.3300072,1221.930018,10.3815206,23.58504164,3.762749916,34.29091657,229,"","W1_1_"
"7","W1_1","W","1","1",1.448275862,1.958892089,"W1","W.1",690.0800103,1174.547518,481.3300072,1221.930018,10.3815206,23.58504164,3.762749916,34.29091657,229,"","W1_1_"
"8","W1_2","W","1","2",1.806896552,1.484009542,"W1","W.2",690.0800103,1174.547518,481.3300072,1221.930018,10.3815206,23.58504164,3.762749916,34.29091657,229,"","W1_2_"
"9","W1_2","W","1","2",1.986206897,1.521130817,"W1","W.2",690.0800103,1174.547518,481.3300072,1221.930018,10.3815206,23.58504164,3.762749916,34.29091657,229,"","W1_2_"
"10","W1_2","W","1","2",2.193103448,1.250426174,"W1","W.2",690.0800103,1174.547518,481.3300072,1221.930018,10.3815206,23.58504164,3.762749916,34.29091657,229,"","W1_2_"
"11","H1_2_b","H","1","2",0.827586207,2.537981607,"H1","H.2",690.0800103,1174.547518,481.3300072,1221.930018,10.3815206,23.58504164,3.762749916,34.29091657,229,"b","H1_2_b"
"12","H1_2_b","H","1","2",0.868965517,2.32590219,"H1","H.2",690.0800103,1174.547518,481.3300072,1221.930018,10.3815206,23.58504164,3.762749916,34.29091657,229,"b","H1_2_b"
"13","H1_2_b","H","1","2",0.813793103,2.669345935,"H1","H.2",690.0800103,1174.547518,481.3300072,1221.930018,10.3815206,23.58504164,3.762749916,34.29091657,229,"b","H1_2_b"
"14","W1_3","W","1","3",1.503448276,1.885584074,"W1","W.3",690.0800103,1174.547518,481.3300072,1221.930018,10.3815206,23.58504164,3.762749916,34.29091657,229,"","W1_3_"
"15","W1_3","W","1","3",1.862068966,1.809088151,"W1","W.3",690.0800103,1174.547518,481.3300072,1221.930018,10.3815206,23.58504164,3.762749916,34.29091657,229,"","W1_3_"
"16","W1_3","W","1","3",2.027586207,1.832380927,"W1","W.3",690.0800103,1174.547518,481.3300072,1221.930018,10.3815206,23.58504164,3.762749916,34.29091657,229,"","W1_3_"
"17","H1_3_a","H","1","3",0.896551724,2.719753846,"H1","H.3",690.0800103,1174.547518,481.3300072,1221.930018,10.3815206,23.58504164,3.762749916,34.29091657,229,"a","H1_3_a"
"18","H1_3_a","H","1","3",1.034482759,2.470517632,"H1","H.3",690.0800103,1174.547518,481.3300072,1221.930018,10.3815206,23.58504164,3.762749916,34.29091657,229,"a","H1_3_a"
"19","H1_3_a","H","1","3",0.868965517,1.702057767,"H1","H.3",690.0800103,1174.547518,481.3300072,1221.930018,10.3815206,23.58504164,3.762749916,34.29091657,229,"a","H1_3_a"
"20","H1_3_a","H","1","3",1.034482759,2.936200923,"H1","H.3",690.0800103,1174.547518,481.3300072,1221.930018,10.3815206,23.58504164,3.762749916,34.29091657,229,"a","H1_3_a"
"21","W1_4","W","1","4",0.35862069,2.698935023,"W1","W.4",690.0800103,1174.547518,481.3300072,1221.930018,10.3815206,23.58504164,3.762749916,34.29091657,229,"","W1_4_"
"22","W1_4","W","1","4",0.413793103,2.644030247,"W1","W.4",690.0800103,1174.547518,481.3300072,1221.930018,10.3815206,23.58504164,3.762749916,34.29091657,229,"","W1_4_"
"23","W1_4","W","1","4",0.482758621,2.163931136,"W1","W.4",690.0800103,1174.547518,481.3300072,1221.930018,10.3815206,23.58504164,3.762749916,34.29091657,229,"","W1_4_"
"24","W1_4","W","1","4",0.910344828,2.433789125,"W1","W.4",690.0800103,1174.547518,481.3300072,1221.930018,10.3815206,23.58504164,3.762749916,34.29091657,229,"","W1_4_"
"25","W1_4","W","1","4",1.572413793,1.87103616,"W1","W.4",690.0800103,1174.547518,481.3300072,1221.930018,10.3815206,23.58504164,3.762749916,34.29091657,229,"","W1_4_"
"26","W1_4","W","1","4",1.627586207,1.883389607,"W1","W.4",690.0800103,1174.547518,481.3300072,1221.930018,10.3815206,23.58504164,3.762749916,34.29091657,229,"","W1_4_"
"27","W1_4","W","1","4",2,2.45513087,"W1","W.4",690.0800103,1174.547518,481.3300072,1221.930018,10.3815206,23.58504164,3.762749916,34.29091657,229,"","W1_4_"
"29","SF1_4_c","SF","1","4",0.482758621,1.693851161,"SF1","SF.4",690.0800103,1174.547518,481.3300072,1221.930018,10.3815206,23.58504164,3.762749916,34.29091657,229,"c","SF1_4_c"
"30","SF1_4_c","SF","1","4",0.634482759,1.647770769,"SF1","SF.4",690.0800103,1174.547518,481.3300072,1221.930018,10.3815206,23.58504164,3.762749916,34.29091657,229,"c","SF1_4_c"
"31","SF1_4_c","SF","1","4",0.717241379,1.588423311,"SF1","SF.4",690.0800103,1174.547518,481.3300072,1221.930018,10.3815206,23.58504164,3.762749916,34.29091657,229,"c","SF1_4_c"
"32","SF1_4_c","SF","1","4",0.855172414,1.677677041,"SF1","SF.4",690.0800103,1174.547518,481.3300072,1221.930018,10.3815206,23.58504164,3.762749916,34.29091657,229,"c","SF1_4_c"
"33","H1_4_b","H","1","4",0.896551724,2.674666463,"H1","H.4",690.0800103,1174.547518,481.3300072,1221.930018,10.3815206,23.58504164,3.762749916,34.29091657,229,"b","H1_4_b"
"34","H1_4_b","H","1","4",1.034482759,2.239157246,"H1","H.4",690.0800103,1174.547518,481.3300072,1221.930018,10.3815206,23.58504164,3.762749916,34.29091657,229,"b","H1_4_b"
"35","W1_5","W","1","5",0.675862069,2.603571995,"W1","W.5",690.0800103,1174.547518,481.3300072,1221.930018,10.3815206,23.58504164,3.762749916,34.29091657,229,"","W1_5_"
"36","W1_5","W","1","5",0.689655172,1.974654615,"W1","W.5",690.0800103,1174.547518,481.3300072,1221.930018,10.3815206,23.58504164,3.762749916,34.29091657,229,"","W1_5_"
"37","W1_5","W","1","5",0.744827586,1.909333031,"W1","W.5",690.0800103,1174.547518,481.3300072,1221.930018,10.3815206,23.58504164,3.762749916,34.29091657,229,"","W1_5_"
"38","W1_5","W","1","5",0.882758621,1.695577567,"W1","W.5",690.0800103,1174.547518,481.3300072,1221.930018,10.3815206,23.58504164,3.762749916,34.29091657,229,"","W1_5_"
"39","W1_5","W","1","5",0.882758621,2.29057115,"W1","W.5",690.0800103,1174.547518,481.3300072,1221.930018,10.3815206,23.58504164,3.762749916,34.29091657,229,"","W1_5_"
"40","W1_5","W","1","5",0.882758621,2.168078516,"W1","W.5",690.0800103,1174.547518,481.3300072,1221.930018,10.3815206,23.58504164,3.762749916,34.29091657,229,"","W1_5_"
"41","SF1_5_a","SF","1","5",0.496551724,3.240948383,"SF1","SF.5",690.0800103,1174.547518,481.3300072,1221.930018,10.3815206,23.58504164,3.762749916,34.29091657,229,"a","SF1_5_a"
"42","SF1_5_a","SF","1","5",0.496551724,2.912597691,"SF1","SF.5",690.0800103,1174.547518,481.3300072,1221.930018,10.3815206,23.58504164,3.762749916,34.29091657,229,"a","SF1_5_a"
"43","SF1_5_a","SF","1","5",2.013793103,1.988330318,"SF1","SF.5",690.0800103,1174.547518,481.3300072,1221.930018,10.3815206,23.58504164,3.762749916,34.29091657,229,"a","SF1_5_a"
"44","SF1_5_a","SF","1","5",2.013793103,2.79439039,"SF1","SF.5",690.0800103,1174.547518,481.3300072,1221.930018,10.3815206,23.58504164,3.762749916,34.29091657,229,"a","SF1_5_a"
"45","H1_5_a","H","1","5",0.731034483,2.291685278,"H1","H.5",690.0800103,1174.547518,481.3300072,1221.930018,10.3815206,23.58504164,3.762749916,34.29091657,229,"a","H1_5_a"
"46","H1_5_a","H","1","5",0.620689655,2.592543137,"H1","H.5",690.0800103,1174.547518,481.3300072,1221.930018,10.3815206,23.58504164,3.762749916,34.29091657,229,"a","H1_5_a"
"47","H1_5_a","H","1","5",0.717241379,2.411656731,"H1","H.5",690.0800103,1174.547518,481.3300072,1221.930018,10.3815206,23.58504164,3.762749916,34.29091657,229,"a","H1_5_a"
"48","SF1_6_b_b1","SF","1","6",1.834482759,1.845177808,"SF1","SF.6",690.0800103,1174.547518,481.3300072,1221.930018,10.3815206,23.58504164,3.762749916,34.29091657,229,"b","SF1_6_b"
"49","SF1_9_c","SF","1","9",0.634482759,1.797986295,"SF1","SF.9",690.0800103,1174.547518,481.3300072,1221.930018,10.3815206,23.58504164,3.762749916,34.29091657,229,"c","SF1_9_c"
"50","SF1_9_c","SF","1","9",0.634482759,1.788825515,"SF1","SF.9",690.0800103,1174.547518,481.3300072,1221.930018,10.3815206,23.58504164,3.762749916,34.29091657,229,"c","SF1_9_c"
"51","SF1_9_c","SF","1","9",0.703448276,1.539533602,"SF1","SF.9",690.0800103,1174.547518,481.3300072,1221.930018,10.3815206,23.58504164,3.762749916,34.29091657,229,"c","SF1_9_c"
"52","H3_1_b","H","3","1",0.455172414,3.710548331,"H3","H.1",671.70251,1144.422517,456.0125068,849.1050127,7.29620817,22.08297918,1.818499959,32.57500011,654,"b","H3_1_b"
"53","H3_1_b","H","3","1",0.910344828,2.523426317,"H3","H.1",671.70251,1144.422517,456.0125068,849.1050127,7.29620817,22.08297918,1.818499959,32.57500011,654,"b","H3_1_b"
"54","H3_1_b","H","3","1",0.965517241,2.651441126,"H3","H.1",671.70251,1144.422517,456.0125068,849.1050127,7.29620817,22.08297918,1.818499959,32.57500011,654,"b","H3_1_b"
"55","H3_1_b","H","3","1",1.186206897,2.431116487,"H3","H.1",671.70251,1144.422517,456.0125068,849.1050127,7.29620817,22.08297918,1.818499959,32.57500011,654,"b","H3_1_b"
"56","H3_2_a","H","3","2",0.731034483,3.009944466,"H3","H.2",671.70251,1144.422517,456.0125068,849.1050127,7.29620817,22.08297918,1.818499959,32.57500011,654,"a","H3_2_a"
"57","H3_2_a","H","3","2",0.75862069,3.199092967,"H3","H.2",671.70251,1144.422517,456.0125068,849.1050127,7.29620817,22.08297918,1.818499959,32.57500011,654,"a","H3_2_a"
"58","H3_2_a","H","3","2",0.924137931,2.448095597,"H3","H.2",671.70251,1144.422517,456.0125068,849.1050127,7.29620817,22.08297918,1.818499959,32.57500011,654,"a","H3_2_a"
"59","H3_2_a","H","3","2",1.034482759,2.081544941,"H3","H.2",671.70251,1144.422517,456.0125068,849.1050127,7.29620817,22.08297918,1.818499959,32.57500011,654,"a","H3_2_a"
"60","H3_2_a","H","3","2",1.131034483,2.448638312,"H3","H.2",671.70251,1144.422517,456.0125068,849.1050127,7.29620817,22.08297918,1.818499959,32.57500011,654,"a","H3_2_a"
"61","H3_2_a","H","3","2",1.131034483,2.632388123,"H3","H.2",671.70251,1144.422517,456.0125068,849.1050127,7.29620817,22.08297918,1.818499959,32.57500011,654,"a","H3_2_a"
"62","H3_3_B","H","3","3",1.765517241,1.950263594,"H3","H.3",671.70251,1144.422517,456.0125068,849.1050127,7.29620817,22.08297918,1.818499959,32.57500011,654,"b","H3_3_b"
"63","H3_3_b","H","3","3",1.765517241,3.494431222,"H3","H.3",671.70251,1144.422517,456.0125068,849.1050127,7.29620817,22.08297918,1.818499959,32.57500011,654,"b","H3_3_b"
"64","H3_3_b","H","3","3",1.944827586,3.183106383,"H3","H.3",671.70251,1144.422517,456.0125068,849.1050127,7.29620817,22.08297918,1.818499959,32.57500011,654,"b","H3_3_b"
"65","H3_3_B","H","3","3",1.779310345,3.169093023,"H3","H.3",671.70251,1144.422517,456.0125068,849.1050127,7.29620817,22.08297918,1.818499959,32.57500011,654,"b","H3_3_b"
"66","SF3_4_b","SF","3","4",1.048275862,2.326105263,"SF3","SF.4",671.70251,1144.422517,456.0125068,849.1050127,7.29620817,22.08297918,1.818499959,32.57500011,654,"b","SF3_4_b"
"67","SF3_4_b","SF","3","4",1.062068966,1.935368669,"SF3","SF.4",671.70251,1144.422517,456.0125068,849.1050127,7.29620817,22.08297918,1.818499959,32.57500011,654,"b","SF3_4_b"
"68","SF3_4_b","SF","3","4",1.172413793,2.083750802,"SF3","SF.4",671.70251,1144.422517,456.0125068,849.1050127,7.29620817,22.08297918,1.818499959,32.57500011,654,"b","SF3_4_b"
"69","H3_5_c","H","3","5",0.827586207,2.658832428,"H3","H.5",671.70251,1144.422517,456.0125068,849.1050127,7.29620817,22.08297918,1.818499959,32.57500011,654,"c","H3_5_c"
"70","H3_5_c","H","3","5",0.896551724,2.88816453,"H3","H.5",671.70251,1144.422517,456.0125068,849.1050127,7.29620817,22.08297918,1.818499959,32.57500011,654,"c","H3_5_c"
"71","H3_5_c","H","3","5",1.062068966,3.332003629,"H3","H.5",671.70251,1144.422517,456.0125068,849.1050127,7.29620817,22.08297918,1.818499959,32.57500011,654,"c","H3_5_c"
"72","H3_6_a","H","3","6",0.75862069,2.230102805,"H3","H.6",671.70251,1144.422517,456.0125068,849.1050127,7.29620817,22.08297918,1.818499959,32.57500011,654,"a","H3_6_a"
"73","H3_6_a","H","3","6",0.786206897,2.844632895,"H3","H.6",671.70251,1144.422517,456.0125068,849.1050127,7.29620817,22.08297918,1.818499959,32.57500011,654,"a","H3_6_a"
"74","H3_6_a","H","3","6",0.772413793,1.748133131,"H3","H.6",671.70251,1144.422517,456.0125068,849.1050127,7.29620817,22.08297918,1.818499959,32.57500011,654,"a","H3_6_a"
"75","H3_6_a","H","3","6",0.979310345,2.707617546,"H3","H.6",671.70251,1144.422517,456.0125068,849.1050127,7.29620817,22.08297918,1.818499959,32.57500011,654,"a","H3_6_a"
"76","SF3_7_a","SF","3","7",1.448275862,2.16925605,"SF3","SF.7",671.70251,1144.422517,456.0125068,849.1050127,7.29620817,22.08297918,1.818499959,32.57500011,654,"a","SF3_7_a"
"77","SF3_7_a","SF","3","7",1.806896552,2.108587786,"SF3","SF.7",671.70251,1144.422517,456.0125068,849.1050127,7.29620817,22.08297918,1.818499959,32.57500011,654,"a","SF3_7_a"
"78","SF3_7_a","SF","3","7",2.206896552,2.158199635,"SF3","SF.7",671.70251,1144.422517,456.0125068,849.1050127,7.29620817,22.08297918,1.818499959,32.57500011,654,"a","SF3_7_a"
"79","SF3_9_c","SF","3","9",0.951724138,2.097162796,"SF3","SF.9",671.70251,1144.422517,456.0125068,849.1050127,7.29620817,22.08297918,1.818499959,32.57500011,654,"c","SF3_9_c"
"80","SF3_9_c","SF","3","9",0.289655172,2.084967548,"SF3","SF.9",671.70251,1144.422517,456.0125068,849.1050127,7.29620817,22.08297918,1.818499959,32.57500011,654,"c","SF3_9_c"
"81","SF3_9_c","SF","3","9",1.24137931,2.093732021,"SF3","SF.9",671.70251,1144.422517,456.0125068,849.1050127,7.29620817,22.08297918,1.818499959,32.57500011,654,"c","SF3_9_c"
"82","H15_1_b","H","15","1",0.689655172,2.614432297,"H15","H.1",733.8575109,1193.297518,392.9775059,1014.252515,4.944791556,21.16574999,-0.771499983,31.47449985,NA,"b","H15_1_b"
"83","H15_1_b","H","15","1",0.703448276,2.564688515,"H15","H.1",733.8575109,1193.297518,392.9775059,1014.252515,4.944791556,21.16574999,-0.771499983,31.47449985,NA,"b","H15_1_b"
"84","H15_1_b","H","15","1",0.772413793,3.021406675,"H15","H.1",733.8575109,1193.297518,392.9775059,1014.252515,4.944791556,21.16574999,-0.771499983,31.47449985,NA,"b","H15_1_b"
"85","H15_1_b","H","15","1",1.089655172,2.497929815,"H15","H.1",733.8575109,1193.297518,392.9775059,1014.252515,4.944791556,21.16574999,-0.771499983,31.47449985,NA,"b","H15_1_b"
"86","H15_2_b","H","15","2",1.586206897,2.404932397,"H15","H.2",733.8575109,1193.297518,392.9775059,1014.252515,4.944791556,21.16574999,-0.771499983,31.47449985,NA,"b","H15_2_b"
"87","H15_2_b","H","15","2",1.668965517,2.260479298,"H15","H.2",733.8575109,1193.297518,392.9775059,1014.252515,4.944791556,21.16574999,-0.771499983,31.47449985,NA,"b","H15_2_b"
"88","H15_2_b","H","15","2",1.668965517,2.075156539,"H15","H.2",733.8575109,1193.297518,392.9775059,1014.252515,4.944791556,21.16574999,-0.771499983,31.47449985,NA,"b","H15_2_b"
"89","SF15_3_a","SF","15","3",1.393103448,1.477728761,"SF15","SF.3",733.8575109,1193.297518,392.9775059,1014.252515,4.944791556,21.16574999,-0.771499983,31.47449985,NA,"a","SF15_3_a"
"90","SF15_3_a","SF","15","3",1.572413793,1.560988107,"SF15","SF.3",733.8575109,1193.297518,392.9775059,1014.252515,4.944791556,21.16574999,-0.771499983,31.47449985,NA,"a","SF15_3_a"
"91","SF15_3_a","SF","15","3",1.489655172,1.456542557,"SF15","SF.3",733.8575109,1193.297518,392.9775059,1014.252515,4.944791556,21.16574999,-0.771499983,31.47449985,NA,"a","SF15_3_a"
"92","SF15_3_a","SF","15","3",1.64137931,1.547478992,"SF15","SF.3",733.8575109,1193.297518,392.9775059,1014.252515,4.944791556,21.16574999,-0.771499983,31.47449985,NA,"a","SF15_3_a"
"93","H15_3_c","H","15","3",1.986206897,2.401440228,"H15","H.3",733.8575109,1193.297518,392.9775059,1014.252515,4.944791556,21.16574999,-0.771499983,31.47449985,NA,"c","H15_3_c"
"94","H15_3_C","H","15","3",1.710344828,2.781556048,"H15","H.3",733.8575109,1193.297518,392.9775059,1014.252515,4.944791556,21.16574999,-0.771499983,31.47449985,NA,"c","H15_3_c"
"95","H15_3_C","H","15","3",1.848275862,1.811832287,"H15","H.3",733.8575109,1193.297518,392.9775059,1014.252515,4.944791556,21.16574999,-0.771499983,31.47449985,NA,"c","H15_3_c"
"96","SF15_4_c","SF","15","4",1.324137931,1.64197272,"SF15","SF.4",733.8575109,1193.297518,392.9775059,1014.252515,4.944791556,21.16574999,-0.771499983,31.47449985,NA,"c","SF15_4_c"
"97","SF15_4_c","SF","15","4",1.365517241,1.542927712,"SF15","SF.4",733.8575109,1193.297518,392.9775059,1014.252515,4.944791556,21.16574999,-0.771499983,31.47449985,NA,"c","SF15_4_c"
"98","SF15_4_c","SF","15","4",1.668965517,1.948984246,"SF15","SF.4",733.8575109,1193.297518,392.9775059,1014.252515,4.944791556,21.16574999,-0.771499983,31.47449985,NA,"c","SF15_4_c"
"99","H15_4_a","H","15","4",0.731034483,2.877541166,"H15","H.4",733.8575109,1193.297518,392.9775059,1014.252515,4.944791556,21.16574999,-0.771499983,31.47449985,NA,"a","H15_4_a"
"100","H15_4_a","H","15","4",0.75862069,2.33907702,"H15","H.4",733.8575109,1193.297518,392.9775059,1014.252515,4.944791556,21.16574999,-0.771499983,31.47449985,NA,"a","H15_4_a"
"101","H15_4_a","H","15","4",0.786206897,2.921477444,"H15","H.4",733.8575109,1193.297518,392.9775059,1014.252515,4.944791556,21.16574999,-0.771499983,31.47449985,NA,"a","H15_4_a"
"102","H15_4_a","H","15","4",0.896551724,2.263088828,"H15","H.4",733.8575109,1193.297518,392.9775059,1014.252515,4.944791556,21.16574999,-0.771499983,31.47449985,NA,"a","H15_4_a"
"103","H15_5_c","H","15","5",0.882758621,3.299191605,"H15","H.5",733.8575109,1193.297518,392.9775059,1014.252515,4.944791556,21.16574999,-0.771499983,31.47449985,NA,"c","H15_5_c"
"104","H15_5_c","H","15","5",0.882758621,4.047745634,"H15","H.5",733.8575109,1193.297518,392.9775059,1014.252515,4.944791556,21.16574999,-0.771499983,31.47449985,NA,"c","H15_5_c"
"105","H15_5_c","H","15","5",0.924137931,4.320653731,"H15","H.5",733.8575109,1193.297518,392.9775059,1014.252515,4.944791556,21.16574999,-0.771499983,31.47449985,NA,"c","H15_5_c"
"106","H15_5_c","H","15","5",1.379310345,2.141744565,"H15","H.5",733.8575109,1193.297518,392.9775059,1014.252515,4.944791556,21.16574999,-0.771499983,31.47449985,NA,"c","H15_5_c"
"107","SF15_6_a","SF","15","6",1.213793103,1.914741477,"SF15","SF.6",733.8575109,1193.297518,392.9775059,1014.252515,4.944791556,21.16574999,-0.771499983,31.47449985,NA,"a","SF15_6_a"
"108","SF15_6_a","SF","15","6",1.379310345,2.0506944,"SF15","SF.6",733.8575109,1193.297518,392.9775059,1014.252515,4.944791556,21.16574999,-0.771499983,31.47449985,NA,"a","SF15_6_a"
"109","SF15_6_a","SF","15","6",1.365517241,1.793696705,"SF15","SF.6",733.8575109,1193.297518,392.9775059,1014.252515,4.944791556,21.16574999,-0.771499983,31.47449985,NA,"a","SF15_6_a"
"110","SF15_6_a","SF","15","6",1.724137931,2.110994,"SF15","SF.6",733.8575109,1193.297518,392.9775059,1014.252515,4.944791556,21.16574999,-0.771499983,31.47449985,NA,"a","SF15_6_a"
"111","SF15_6_a","SF","15","6",2.172413793,2.286964069,"SF15","SF.6",733.8575109,1193.297518,392.9775059,1014.252515,4.944791556,21.16574999,-0.771499983,31.47449985,NA,"a","SF15_6_a"
"112","SF15_8_a","SF","15","8",0.579310345,2.562315714,"SF15","SF.8",733.8575109,1193.297518,392.9775059,1014.252515,4.944791556,21.16574999,-0.771499983,31.47449985,NA,"a","SF15_8_a"
"113","SF15_8_a","SF","15","8",0.675862069,2.264039437,"SF15","SF.8",733.8575109,1193.297518,392.9775059,1014.252515,4.944791556,21.16574999,-0.771499983,31.47449985,NA,"a","SF15_8_a"
"114","SF15_8_a","SF","15","8",0.717241379,2.076409295,"SF15","SF.8",733.8575109,1193.297518,392.9775059,1014.252515,4.944791556,21.16574999,-0.771499983,31.47449985,NA,"a","SF15_8_a"
"115","SF15_9_a","SF","15","9",0.813793103,1.580339502,"SF15","SF.9",733.8575109,1193.297518,392.9775059,1014.252515,4.944791556,21.16574999,-0.771499983,31.47449985,NA,"a","SF15_9_a"
"116","SF15_9_a","SF","15","9",1.393103448,1.166728297,"SF15","SF.9",733.8575109,1193.297518,392.9775059,1014.252515,4.944791556,21.16574999,-0.771499983,31.47449985,NA,"a","SF15_9_a"
"117","SF15_9_a","SF","15","9",2.068965517,1.719849394,"SF15","SF.9",733.8575109,1193.297518,392.9775059,1014.252515,4.944791556,21.16574999,-0.771499983,31.47449985,NA,"a","SF15_9_a"
"118","SF15_9_a","SF","15","9",2.206896552,1.412705602,"SF15","SF.9",733.8575109,1193.297518,392.9775059,1014.252515,4.944791556,21.16574999,-0.771499983,31.47449985,NA,"a","SF15_9_a"
"119","H16_1_C","H","16","1",0.84137931,2.485287838,"H16","H.1",783.2500117,1264.467519,440.8900066,836.5575125,6.187958195,22.18125002,0.42974999,32.50149999,641,"c","H16_1_c"
"120","H16_1_C","H","16","1",0.979310345,2.607048614,"H16","H.1",783.2500117,1264.467519,440.8900066,836.5575125,6.187958195,22.18125002,0.42974999,32.50149999,641,"c","H16_1_c"
"121","H16_1_C","H","16","1",0.965517241,2.984886376,"H16","H.1",783.2500117,1264.467519,440.8900066,836.5575125,6.187958195,22.18125002,0.42974999,32.50149999,641,"c","H16_1_c"
"122","W16_1","W","16","1",0.868965517,1.395155476,"W16","W.1",783.2500117,1264.467519,440.8900066,836.5575125,6.187958195,22.18125002,0.42974999,32.50149999,641,"","W16_1_"
"123","W16_1","W","16","1",0.855172414,1.451884725,"W16","W.1",783.2500117,1264.467519,440.8900066,836.5575125,6.187958195,22.18125002,0.42974999,32.50149999,641,"","W16_1_"
"124","W16_1","W","16","1",1.089655172,1.745304689,"W16","W.1",783.2500117,1264.467519,440.8900066,836.5575125,6.187958195,22.18125002,0.42974999,32.50149999,641,"","W16_1_"
"125","H16_2_a","H","16","2",0.675862069,2.832939261,"H16","H.2",783.2500117,1264.467519,440.8900066,836.5575125,6.187958195,22.18125002,0.42974999,32.50149999,641,"a","H16_2_a"
"126","H16_2_a","H","16","2",0.689655172,3.275568125,"H16","H.2",783.2500117,1264.467519,440.8900066,836.5575125,6.187958195,22.18125002,0.42974999,32.50149999,641,"a","H16_2_a"
"127","H16_2_a","H","16","2",0.717241379,2.865834375,"H16","H.2",783.2500117,1264.467519,440.8900066,836.5575125,6.187958195,22.18125002,0.42974999,32.50149999,641,"a","H16_2_a"
"128","H16_2_a","H","16","2",0.84137931,2.977343238,"H16","H.2",783.2500117,1264.467519,440.8900066,836.5575125,6.187958195,22.18125002,0.42974999,32.50149999,641,"a","H16_2_a"
"129","W16_2","W","16","2",0.772413793,1.624320383,"W16","W.2",783.2500117,1264.467519,440.8900066,836.5575125,6.187958195,22.18125002,0.42974999,32.50149999,641,"","W16_2_"
"130","W16_2","W","16","2",0.855172414,1.746673949,"W16","W.2",783.2500117,1264.467519,440.8900066,836.5575125,6.187958195,22.18125002,0.42974999,32.50149999,641,"","W16_2_"
"131","W16_2","W","16","2",0.937931034,1.576294118,"W16","W.2",783.2500117,1264.467519,440.8900066,836.5575125,6.187958195,22.18125002,0.42974999,32.50149999,641,"","W16_2_"
"132","H16_3_b","H","16","3",0.606896552,3.026965625,"H16","H.3",783.2500117,1264.467519,440.8900066,836.5575125,6.187958195,22.18125002,0.42974999,32.50149999,641,"b","H16_3_b"
"133","H16_3_b","H","16","3",0.75862069,3.777961364,"H16","H.3",783.2500117,1264.467519,440.8900066,836.5575125,6.187958195,22.18125002,0.42974999,32.50149999,641,"b","H16_3_b"
"134","H16_3_b","H","16","3",1.227586207,2.10863022,"H16","H.3",783.2500117,1264.467519,440.8900066,836.5575125,6.187958195,22.18125002,0.42974999,32.50149999,641,"b","H16_3_b"
"135","H16_3_b","H","16","3",1.475862069,1.553705867,"H16","H.3",783.2500117,1264.467519,440.8900066,836.5575125,6.187958195,22.18125002,0.42974999,32.50149999,641,"b","H16_3_b"
"136","H16_3_b","H","16","3",1.475862069,2.436160477,"H16","H.3",783.2500117,1264.467519,440.8900066,836.5575125,6.187958195,22.18125002,0.42974999,32.50149999,641,"b","H16_3_b"
"137","W16_3","W","16","3",1.075862069,1.863181711,"W16","W.3",783.2500117,1264.467519,440.8900066,836.5575125,6.187958195,22.18125002,0.42974999,32.50149999,641,"","W16_3_"
"138","W16_3","W","16","3",1.255172414,1.480360524,"W16","W.3",783.2500117,1264.467519,440.8900066,836.5575125,6.187958195,22.18125002,0.42974999,32.50149999,641,"","W16_3_"
"139","W16_3","W","16","3",1.324137931,1.534583333,"W16","W.3",783.2500117,1264.467519,440.8900066,836.5575125,6.187958195,22.18125002,0.42974999,32.50149999,641,"","W16_3_"
"140","H16_4_b","H","16","4",1.103448276,1.703649077,"H16","H.4",783.2500117,1264.467519,440.8900066,836.5575125,6.187958195,22.18125002,0.42974999,32.50149999,641,"b","H16_4_b"
"141","H16_4_b","H","16","4",1.365517241,2.442455711,"H16","H.4",783.2500117,1264.467519,440.8900066,836.5575125,6.187958195,22.18125002,0.42974999,32.50149999,641,"b","H16_4_b"
"142","H16_4_b","H","16","4",1.365517241,2.213351102,"H16","H.4",783.2500117,1264.467519,440.8900066,836.5575125,6.187958195,22.18125002,0.42974999,32.50149999,641,"b","H16_4_b"
"143","H16_4_b","H","16","4",1.448275862,2.471155745,"H16","H.4",783.2500117,1264.467519,440.8900066,836.5575125,6.187958195,22.18125002,0.42974999,32.50149999,641,"b","H16_4_b"
"144","SF16_5_a","SF","16","5",1.613793103,1.241749213,"SF16","SF.5",783.2500117,1264.467519,440.8900066,836.5575125,6.187958195,22.18125002,0.42974999,32.50149999,641,"a","SF16_5_a"
"145","SF16_5_a","SF","16","5",1.875862069,1.120955095,"SF16","SF.5",783.2500117,1264.467519,440.8900066,836.5575125,6.187958195,22.18125002,0.42974999,32.50149999,641,"a","SF16_5_a"
"146","SF16_5_a","SF","16","5",2.137931034,1.469615323,"SF16","SF.5",783.2500117,1264.467519,440.8900066,836.5575125,6.187958195,22.18125002,0.42974999,32.50149999,641,"a","SF16_5_a"
"147","H16_5_b","H","16","5",0.827586207,2.664930222,"H16","H.5",783.2500117,1264.467519,440.8900066,836.5575125,6.187958195,22.18125002,0.42974999,32.50149999,641,"b","H16_5_b"
"148","H16_5_b","H","16","5",0.84137931,2.35632216,"H16","H.5",783.2500117,1264.467519,440.8900066,836.5575125,6.187958195,22.18125002,0.42974999,32.50149999,641,"b","H16_5_b"
"149","H16_5_b","H","16","5",1.365517241,2.352837972,"H16","H.5",783.2500117,1264.467519,440.8900066,836.5575125,6.187958195,22.18125002,0.42974999,32.50149999,641,"b","H16_5_b"
"150","W16_5","W","16","5",0.75862069,1.884013098,"W16","W.5",783.2500117,1264.467519,440.8900066,836.5575125,6.187958195,22.18125002,0.42974999,32.50149999,641,"","W16_5_"
"151","W16_5","W","16","5",0.896551724,1.781619056,"W16","W.5",783.2500117,1264.467519,440.8900066,836.5575125,6.187958195,22.18125002,0.42974999,32.50149999,641,"","W16_5_"
"152","W16_5","W","16","5",0.910344828,1.436774725,"W16","W.5",783.2500117,1264.467519,440.8900066,836.5575125,6.187958195,22.18125002,0.42974999,32.50149999,641,"","W16_5_"
"153","W16_5","W","16","5",1.048275862,1.669127748,"W16","W.5",783.2500117,1264.467519,440.8900066,836.5575125,6.187958195,22.18125002,0.42974999,32.50149999,641,"","W16_5_"
"154","SF16_6_a","SF","16","6",2.220689655,2.274409018,"SF16","SF.6",783.2500117,1264.467519,440.8900066,836.5575125,6.187958195,22.18125002,0.42974999,32.50149999,641,"a","SF16_6_a"
"155","SF16_6_a","SF","16","6",2.193103448,2.053162591,"SF16","SF.6",783.2500117,1264.467519,440.8900066,836.5575125,6.187958195,22.18125002,0.42974999,32.50149999,641,"a","SF16_6_a"
"156","SF16_6_a","SF","16","6",2.055172414,2.134512724,"SF16","SF.6",783.2500117,1264.467519,440.8900066,836.5575125,6.187958195,22.18125002,0.42974999,32.50149999,641,"a","SF16_6_a"
"157","SF16_6_a","SF","16","6",1.862068966,1.469789815,"SF16","SF.6",783.2500117,1264.467519,440.8900066,836.5575125,6.187958195,22.18125002,0.42974999,32.50149999,641,"a","SF16_6_a"
"158","SF16_6_a","SF","16","6",2.110344828,1.439574571,"SF16","SF.6",783.2500117,1264.467519,440.8900066,836.5575125,6.187958195,22.18125002,0.42974999,32.50149999,641,"a","SF16_6_a"
"159","SF16_6_a","SF","16","6",2.137931034,1.96051129,"SF16","SF.6",783.2500117,1264.467519,440.8900066,836.5575125,6.187958195,22.18125002,0.42974999,32.50149999,641,"a","SF16_6_a"
"160","SF16_6_a","SF","16","6",2.206896552,1.597047359,"SF16","SF.6",783.2500117,1264.467519,440.8900066,836.5575125,6.187958195,22.18125002,0.42974999,32.50149999,641,"a","SF16_6_a"
"161","W16_6","W","16","6",0.8,1.374134174,"W16","W.6",783.2500117,1264.467519,440.8900066,836.5575125,6.187958195,22.18125002,0.42974999,32.50149999,641,"","W16_6_"
"162","W16_6","W","16","6",0.84137931,1.807721986,"W16","W.6",783.2500117,1264.467519,440.8900066,836.5575125,6.187958195,22.18125002,0.42974999,32.50149999,641,"","W16_6_"
"163","W16_6","W","16","6",1.020689655,1.629976351,"W16","W.6",783.2500117,1264.467519,440.8900066,836.5575125,6.187958195,22.18125002,0.42974999,32.50149999,641,"","W16_6_"
"164","SF16_8_b","SF","16","8",0.551724138,2.122922782,"SF16","SF.8",783.2500117,1264.467519,440.8900066,836.5575125,6.187958195,22.18125002,0.42974999,32.50149999,641,"b","SF16_8_b"
"165","SF16_8_b","SF","16","8",0.551724138,2.262321655,"SF16","SF.8",783.2500117,1264.467519,440.8900066,836.5575125,6.187958195,22.18125002,0.42974999,32.50149999,641,"b","SF16_8_b"
"166","SF16_9_b","SF","16","9",1.186206897,2.096151872,"SF16","SF.9",783.2500117,1264.467519,440.8900066,836.5575125,6.187958195,22.18125002,0.42974999,32.50149999,641,"b","SF16_9_b"
"167","SF16_9_b","SF","16","9",1.806896552,2.332700545,"SF16","SF.9",783.2500117,1264.467519,440.8900066,836.5575125,6.187958195,22.18125002,0.42974999,32.50149999,641,"b","SF16_9_b"
"168","SF16_9_b","SF","16","9",2.055172414,2.065151458,"SF16","SF.9",783.2500117,1264.467519,440.8900066,836.5575125,6.187958195,22.18125002,0.42974999,32.50149999,641,"b","SF16_9_b"
"169","SF16_10_c","SF","16","10",0.965517241,1.883793791,"SF16","SF.10",783.2500117,1264.467519,440.8900066,836.5575125,6.187958195,22.18125002,0.42974999,32.50149999,641,"c","SF16_10_c"
"170","SF16_10_c","SF","16","10",1.172413793,1.296013655,"SF16","SF.10",783.2500117,1264.467519,440.8900066,836.5575125,6.187958195,22.18125002,0.42974999,32.50149999,641,"c","SF16_10_c"
"171","SF16_10_c","SF","16","10",1.806896552,1.503552189,"SF16","SF.10",783.2500117,1264.467519,440.8900066,836.5575125,6.187958195,22.18125002,0.42974999,32.50149999,641,"c","SF16_10_c"
"173","SF16_10_c","SF","16","10",2.275862069,1.464403929,"SF16","SF.10",783.2500117,1264.467519,440.8900066,836.5575125,6.187958195,22.18125002,0.42974999,32.50149999,641,"c","SF16_10_c"
"182","H18_1_c","H","18","1",0.772413793,2.899875331,"H18","H.1",981.6850146,1284.692519,290.5950043,454.6725068,7.928645656,23.48758337,2.641083274,33.32750004,104,"c","H18_1_c"
"183","H18_1_c","H","18","1",0.786206897,2.259790859,"H18","H.1",981.6850146,1284.692519,290.5950043,454.6725068,7.928645656,23.48758337,2.641083274,33.32750004,104,"c","H18_1_c"
"184","H18_1_c","H","18","1",1.048275862,2.799368701,"H18","H.1",981.6850146,1284.692519,290.5950043,454.6725068,7.928645656,23.48758337,2.641083274,33.32750004,104,"c","H18_1_c"
"185","W18_1","W","18","1",0.289655172,2.130508048,"W18","W.1",981.6850146,1284.692519,290.5950043,454.6725068,7.928645656,23.48758337,2.641083274,33.32750004,104,"","W18_1_"
"186","W18_1","W","18","1",0.937931034,1.863503217,"W18","W.1",981.6850146,1284.692519,290.5950043,454.6725068,7.928645656,23.48758337,2.641083274,33.32750004,104,"","W18_1_"
"187","W18_1","W","18","1",1.15862069,1.742415531,"W18","W.1",981.6850146,1284.692519,290.5950043,454.6725068,7.928645656,23.48758337,2.641083274,33.32750004,104,"","W18_1_"
"188","W18_1","W","18","1",1.296551724,1.609987265,"W18","W.1",981.6850146,1284.692519,290.5950043,454.6725068,7.928645656,23.48758337,2.641083274,33.32750004,104,"","W18_1_"
"189","W18_1","W","18","1",1.268965517,1.68594472,"W18","W.1",981.6850146,1284.692519,290.5950043,454.6725068,7.928645656,23.48758337,2.641083274,33.32750004,104,"","W18_1_"
"190","H18_2_a","H","18","2",1.213793103,2.440510653,"H18","H.2",981.6850146,1284.692519,290.5950043,454.6725068,7.928645656,23.48758337,2.641083274,33.32750004,104,"a","H18_2_a"
"191","H18_2_a","H","18","2",1.172413793,2.3022267,"H18","H.2",981.6850146,1284.692519,290.5950043,454.6725068,7.928645656,23.48758337,2.641083274,33.32750004,104,"a","H18_2_a"
"192","H18_2_a","H","18","2",1.310344828,2.739208391,"H18","H.2",981.6850146,1284.692519,290.5950043,454.6725068,7.928645656,23.48758337,2.641083274,33.32750004,104,"a","H18_2_a"
"193","SF18_2_c","SF","18","2",1.075862069,1.949051994,"SF18","SF.2",981.6850146,1284.692519,290.5950043,454.6725068,7.928645656,23.48758337,2.641083274,33.32750004,104,"c","SF18_2_c"
"194","SF18_2_c","SF","18","2",1.172413793,1.73893836,"SF18","SF.2",981.6850146,1284.692519,290.5950043,454.6725068,7.928645656,23.48758337,2.641083274,33.32750004,104,"c","SF18_2_c"
"195","SF18_2_c","SF","18","2",1.255172414,1.649802421,"SF18","SF.2",981.6850146,1284.692519,290.5950043,454.6725068,7.928645656,23.48758337,2.641083274,33.32750004,104,"c","SF18_2_c"
"196","SF18_2_c","SF","18","2",1.255172414,1.717299931,"SF18","SF.2",981.6850146,1284.692519,290.5950043,454.6725068,7.928645656,23.48758337,2.641083274,33.32750004,104,"c","SF18_2_c"
"197","W18_2","W","18","2",0.703448276,2.647908497,"W18","W.2",981.6850146,1284.692519,290.5950043,454.6725068,7.928645656,23.48758337,2.641083274,33.32750004,104,"","W18_2_"
"198","W18_2","W","18","2",0.924137931,1.821150474,"W18","W.2",981.6850146,1284.692519,290.5950043,454.6725068,7.928645656,23.48758337,2.641083274,33.32750004,104,"","W18_2_"
"199","W18_2","W","18","2",1.020689655,1.96493817,"W18","W.2",981.6850146,1284.692519,290.5950043,454.6725068,7.928645656,23.48758337,2.641083274,33.32750004,104,"","W18_2_"
"200","W18_2","W","18","2",1.034482759,2.620849107,"W18","W.2",981.6850146,1284.692519,290.5950043,454.6725068,7.928645656,23.48758337,2.641083274,33.32750004,104,"","W18_2_"
"201","H18_3_c","H","18","3",0.827586207,1.873470486,"H18","H.3",981.6850146,1284.692519,290.5950043,454.6725068,7.928645656,23.48758337,2.641083274,33.32750004,104,"c","H18_3_c"
"202","H18_3_c","H","18","3",0.827586207,2.549600595,"H18","H.3",981.6850146,1284.692519,290.5950043,454.6725068,7.928645656,23.48758337,2.641083274,33.32750004,104,"c","H18_3_c"
"203","H18_3_c","H","18","3",0.827586207,2.413,"H18","H.3",981.6850146,1284.692519,290.5950043,454.6725068,7.928645656,23.48758337,2.641083274,33.32750004,104,"c","H18_3_c"
"204","H18_3_c","H","18","3",0.896551724,1.904267308,"H18","H.3",981.6850146,1284.692519,290.5950043,454.6725068,7.928645656,23.48758337,2.641083274,33.32750004,104,"c","H18_3_c"
"205","W18_3","W","18","3",1.103448276,1.946882715,"W18","W.3",981.6850146,1284.692519,290.5950043,454.6725068,7.928645656,23.48758337,2.641083274,33.32750004,104,"","W18_3_"
"206","W18_3","W","18","3",1.103448276,1.504658958,"W18","W.3",981.6850146,1284.692519,290.5950043,454.6725068,7.928645656,23.48758337,2.641083274,33.32750004,104,"","W18_3_"
"207","W18_3","W","18","3",1.2,1.799029221,"W18","W.3",981.6850146,1284.692519,290.5950043,454.6725068,7.928645656,23.48758337,2.641083274,33.32750004,104,"","W18_3_"
"208","H18_4_b","H","18","4",0.772413793,2.489130704,"H18","H.4",981.6850146,1284.692519,290.5950043,454.6725068,7.928645656,23.48758337,2.641083274,33.32750004,104,"b","H18_4_b"
"209","H18_4_b","H","18","4",0.744827586,3.10769733,"H18","H.4",981.6850146,1284.692519,290.5950043,454.6725068,7.928645656,23.48758337,2.641083274,33.32750004,104,"b","H18_4_b"
"210","H18_4_b","H","18","4",0.855172414,1.997730484,"H18","H.4",981.6850146,1284.692519,290.5950043,454.6725068,7.928645656,23.48758337,2.641083274,33.32750004,104,"b","H18_4_b"
"211","H18_4_b","H","18","4",0.855172414,2.754568548,"H18","H.4",981.6850146,1284.692519,290.5950043,454.6725068,7.928645656,23.48758337,2.641083274,33.32750004,104,"b","H18_4_b"
"212","W18_4","W","18","4",1.379310345,2.1854922,"W18","W.4",981.6850146,1284.692519,290.5950043,454.6725068,7.928645656,23.48758337,2.641083274,33.32750004,104,"","W18_4_"
"213","W18_4","W","18","4",1.379310345,1.980574478,"W18","W.4",981.6850146,1284.692519,290.5950043,454.6725068,7.928645656,23.48758337,2.641083274,33.32750004,104,"","W18_4_"
"214","W18_4","W","18","4",1.379310345,2.308117373,"W18","W.4",981.6850146,1284.692519,290.5950043,454.6725068,7.928645656,23.48758337,2.641083274,33.32750004,104,"","W18_4_"
"215","W18_4","W","18","4",1.586206897,2.023133665,"W18","W.4",981.6850146,1284.692519,290.5950043,454.6725068,7.928645656,23.48758337,2.641083274,33.32750004,104,"","W18_4_"
"216","W18_4","W","18","4",1.586206897,2.598822762,"W18","W.4",981.6850146,1284.692519,290.5950043,454.6725068,7.928645656,23.48758337,2.641083274,33.32750004,104,"","W18_4_"
"217","H18_5_b","H","18","5",0.965517241,2.579899962,"H18","H.5",981.6850146,1284.692519,290.5950043,454.6725068,7.928645656,23.48758337,2.641083274,33.32750004,104,"b","H18_5_b"
"218","H18_5_b","H","18","5",1.034482759,2.3453725,"H18","H.5",981.6850146,1284.692519,290.5950043,454.6725068,7.928645656,23.48758337,2.641083274,33.32750004,104,"b","H18_5_b"
"219","H18_5_b","H","18","5",1.117241379,2.725139161,"H18","H.5",981.6850146,1284.692519,290.5950043,454.6725068,7.928645656,23.48758337,2.641083274,33.32750004,104,"b","H18_5_b"
"220","H18_5_b","H","18","5",1.117241379,1.889866679,"H18","H.5",981.6850146,1284.692519,290.5950043,454.6725068,7.928645656,23.48758337,2.641083274,33.32750004,104,"b","H18_5_b"
"221","W18_5","W","18","5",1.117241379,1.652137684,"W18","W.5",981.6850146,1284.692519,290.5950043,454.6725068,7.928645656,23.48758337,2.641083274,33.32750004,104,"","W18_5_"
"222","W18_5","W","18","5",1.379310345,1.612754639,"W18","W.5",981.6850146,1284.692519,290.5950043,454.6725068,7.928645656,23.48758337,2.641083274,33.32750004,104,"","W18_5_"
"223","W18_5","W","18","5",1.503448276,1.546230296,"W18","W.5",981.6850146,1284.692519,290.5950043,454.6725068,7.928645656,23.48758337,2.641083274,33.32750004,104,"","W18_5_"
"224","SF18_7_b","SF","18","7",0.579310345,3.66045102,"SF18","SF.7",981.6850146,1284.692519,290.5950043,454.6725068,7.928645656,23.48758337,2.641083274,33.32750004,104,"b","SF18_7_b"
"225","SF18_7_b","SF","18","7",0.84137931,1.518671465,"SF18","SF.7",981.6850146,1284.692519,290.5950043,454.6725068,7.928645656,23.48758337,2.641083274,33.32750004,104,"b","SF18_7_b"
"226","SF18_7_b","SF","18","7",0.910344828,1.522835327,"SF18","SF.7",981.6850146,1284.692519,290.5950043,454.6725068,7.928645656,23.48758337,2.641083274,33.32750004,104,"b","SF18_7_b"
"227","SF18_7_b","SF","18","7",1.765517241,1.278065001,"SF18","SF.7",981.6850146,1284.692519,290.5950043,454.6725068,7.928645656,23.48758337,2.641083274,33.32750004,104,"b","SF18_7_b"
"228","SF18_8_b","SF","18","8",0.703448276,1.94746867,"SF18","SF.8",981.6850146,1284.692519,290.5950043,454.6725068,7.928645656,23.48758337,2.641083274,33.32750004,104,"b","SF18_8_b"
"229","SF18_8_b","SF","18","8",0.689655172,2.488149808,"SF18","SF.8",981.6850146,1284.692519,290.5950043,454.6725068,7.928645656,23.48758337,2.641083274,33.32750004,104,"b","SF18_8_b"
"230","SF18_8_b","SF","18","8",0.8,2.659784091,"SF18","SF.8",981.6850146,1284.692519,290.5950043,454.6725068,7.928645656,23.48758337,2.641083274,33.32750004,104,"b","SF18_8_b"
"231","SF18_9_c","SF","18","9",1.848275862,1.990982505,"SF18","SF.9",981.6850146,1284.692519,290.5950043,454.6725068,7.928645656,23.48758337,2.641083274,33.32750004,104,"c","SF18_9_c"
"232","SF18_9_c","SF","18","9",1.944827586,1.873404407,"SF18","SF.9",981.6850146,1284.692519,290.5950043,454.6725068,7.928645656,23.48758337,2.641083274,33.32750004,104,"c","SF18_9_c"
"233","SF18_9_c","SF","18","9",2,1.975003012,"SF18","SF.9",981.6850146,1284.692519,290.5950043,454.6725068,7.928645656,23.48758337,2.641083274,33.32750004,104,"c","SF18_9_c"
"234","SF18_10_a","SF","18","10",0.662068966,1.95199,"SF18","SF.10",981.6850146,1284.692519,290.5950043,454.6725068,7.928645656,23.48758337,2.641083274,33.32750004,104,"a","SF18_10_a"
"235","SF18_10_a","SF","18","10",0.675862069,1.726010376,"SF18","SF.10",981.6850146,1284.692519,290.5950043,454.6725068,7.928645656,23.48758337,2.641083274,33.32750004,104,"a","SF18_10_a"
"236","SF18_10_a","SF","18","10",0.827586207,2.125988141,"SF18","SF.10",981.6850146,1284.692519,290.5950043,454.6725068,7.928645656,23.48758337,2.641083274,33.32750004,104,"a","SF18_10_a"
"237","H22_1_c","H","22","1",0.482758621,3.796760618,"H22","H.1",993.3000148,1367.29002,354.3625053,471.685007,7.802395659,24.51885417,1.852583292,35.45325004,356,"c","H22_1_c"
"238","H22_1_c","H","22","1",0.427586207,3.28614351,"H22","H.1",993.3000148,1367.29002,354.3625053,471.685007,7.802395659,24.51885417,1.852583292,35.45325004,356,"c","H22_1_c"
"239","H22_1_c","H","22","1",0.496551724,1.938072917,"H22","H.1",993.3000148,1367.29002,354.3625053,471.685007,7.802395659,24.51885417,1.852583292,35.45325004,356,"c","H22_1_c"
"240","H22_1_C","H","22","1",0.537931034,2.262860169,"H22","H.1",993.3000148,1367.29002,354.3625053,471.685007,7.802395659,24.51885417,1.852583292,35.45325004,356,"c","H22_1_c"
"241","W22_3","W","22","3",0.510344828,2.339715798,"W22","W.3",993.3000148,1367.29002,354.3625053,471.685007,7.802395659,24.51885417,1.852583292,35.45325004,356,"","W22_3_"
"242","W22_3","W","22","3",0.496551724,1.960140056,"W22","W.3",993.3000148,1367.29002,354.3625053,471.685007,7.802395659,24.51885417,1.852583292,35.45325004,356,"","W22_3_"
"243","W22_3","W","22","3",0.537931034,1.912927151,"W22","W.3",993.3000148,1367.29002,354.3625053,471.685007,7.802395659,24.51885417,1.852583292,35.45325004,356,"","W22_3_"
"244","H22_3_a","H","22","3",1.820689655,1.90498777,"H22","H.3",993.3000148,1367.29002,354.3625053,471.685007,7.802395659,24.51885417,1.852583292,35.45325004,356,"a","H22_3_a"
"245","H22_3_A","H","22","3",1.820689655,4.116142357,"H22","H.3",993.3000148,1367.29002,354.3625053,471.685007,7.802395659,24.51885417,1.852583292,35.45325004,356,"a","H22_3_a"
"246","H22_3_a","H","22","3",2.082758621,3.75553866,"H22","H.3",993.3000148,1367.29002,354.3625053,471.685007,7.802395659,24.51885417,1.852583292,35.45325004,356,"a","H22_3_a"
"247","H22_3_a","H","22","3",1.95862069,2.040439392,"H22","H.3",993.3000148,1367.29002,354.3625053,471.685007,7.802395659,24.51885417,1.852583292,35.45325004,356,"a","H22_3_a"
"248","H22_3_a","H","22","3",1.95862069,3.560945319,"H22","H.3",993.3000148,1367.29002,354.3625053,471.685007,7.802395659,24.51885417,1.852583292,35.45325004,356,"a","H22_3_a"
"249","H22_3_a","H","22","3",2.055172414,2.78655269,"H22","H.3",993.3000148,1367.29002,354.3625053,471.685007,7.802395659,24.51885417,1.852583292,35.45325004,356,"a","H22_3_a"
"250","SF22_3_c","SF","22","3",2.234482759,1.491225265,"SF22","SF.3",993.3000148,1367.29002,354.3625053,471.685007,7.802395659,24.51885417,1.852583292,35.45325004,356,"c","SF22_3_c"
"253","W22_4","W","22","4",0.537931034,2.151285047,"W22","W.4",993.3000148,1367.29002,354.3625053,471.685007,7.802395659,24.51885417,1.852583292,35.45325004,356,"","W22_4_"
"254","W22_4","W","22","4",0.703448276,2.094254902,"W22","W.4",993.3000148,1367.29002,354.3625053,471.685007,7.802395659,24.51885417,1.852583292,35.45325004,356,"","W22_4_"
"255","W22_4","W","22","4",1.048275862,1.752549429,"W22","W.4",993.3000148,1367.29002,354.3625053,471.685007,7.802395659,24.51885417,1.852583292,35.45325004,356,"","W22_4_"
"256","W22_4","W","22","4",0.910344828,1.943995362,"W22","W.4",993.3000148,1367.29002,354.3625053,471.685007,7.802395659,24.51885417,1.852583292,35.45325004,356,"","W22_4_"
"257","W22_5","W","22","5",0.606896552,1.73721237,"W22","W.5",993.3000148,1367.29002,354.3625053,471.685007,7.802395659,24.51885417,1.852583292,35.45325004,356,"","W22_5_"
"258","W22_5","W","22","5",0.648275862,2.807532787,"W22","W.5",993.3000148,1367.29002,354.3625053,471.685007,7.802395659,24.51885417,1.852583292,35.45325004,356,"","W22_5_"
"259","W22_5","W","22","5",1.089655172,1.662678029,"W22","W.5",993.3000148,1367.29002,354.3625053,471.685007,7.802395659,24.51885417,1.852583292,35.45325004,356,"","W22_5_"
"260","W22_5","W","22","5",1.020689655,2.285812776,"W22","W.5",993.3000148,1367.29002,354.3625053,471.685007,7.802395659,24.51885417,1.852583292,35.45325004,356,"","W22_5_"
"261","SF22_5_a","SF","22","5",0.813793103,2.280026695,"SF22","SF.5",993.3000148,1367.29002,354.3625053,471.685007,7.802395659,24.51885417,1.852583292,35.45325004,356,"a","SF22_5_a"
"262","SF22_5_a","SF","22","5",0.868965517,1.903895147,"SF22","SF.5",993.3000148,1367.29002,354.3625053,471.685007,7.802395659,24.51885417,1.852583292,35.45325004,356,"a","SF22_5_a"
"263","SF22_5_a","SF","22","5",0.896551724,2.029191346,"SF22","SF.5",993.3000148,1367.29002,354.3625053,471.685007,7.802395659,24.51885417,1.852583292,35.45325004,356,"a","SF22_5_a"
"264","H22_5_c","H","22","5",0.75862069,3.417195362,"H22","H.5",993.3000148,1367.29002,354.3625053,471.685007,7.802395659,24.51885417,1.852583292,35.45325004,356,"c","H22_5_c"
"265","H22_5_c","H","22","5",0.827586207,2.533706696,"H22","H.5",993.3000148,1367.29002,354.3625053,471.685007,7.802395659,24.51885417,1.852583292,35.45325004,356,"c","H22_5_c"
"266","H22_5_c","H","22","5",0.689655172,3.169275662,"H22","H.5",993.3000148,1367.29002,354.3625053,471.685007,7.802395659,24.51885417,1.852583292,35.45325004,356,"c","H22_5_c"
"267","H22_5_c","H","22","5",1.048275862,2.469306118,"H22","H.5",993.3000148,1367.29002,354.3625053,471.685007,7.802395659,24.51885417,1.852583292,35.45325004,356,"c","H22_5_c"
"268","H22_5_c","H","22","5",1.089655172,2.314143488,"H22","H.5",993.3000148,1367.29002,354.3625053,471.685007,7.802395659,24.51885417,1.852583292,35.45325004,356,"c","H22_5_c"
"269","H22_6_c","H","22","6",1.724137931,2.039399867,"H22","H.6",993.3000148,1367.29002,354.3625053,471.685007,7.802395659,24.51885417,1.852583292,35.45325004,356,"c","H22_6_c"
"270","H22_6_c","H","22","6",1.724137931,2.674424615,"H22","H.6",993.3000148,1367.29002,354.3625053,471.685007,7.802395659,24.51885417,1.852583292,35.45325004,356,"c","H22_6_c"
"271","H22_6_c","H","22","6",1.793103448,2.236047624,"H22","H.6",993.3000148,1367.29002,354.3625053,471.685007,7.802395659,24.51885417,1.852583292,35.45325004,356,"c","H22_6_c"
"272","SF22_7_c","SF","22","7",0.648275862,3.060871622,"SF22","SF.7",993.3000148,1367.29002,354.3625053,471.685007,7.802395659,24.51885417,1.852583292,35.45325004,356,"c","SF22_7_c"
"273","SF22_7_c","SF","22","7",0.648275862,2.463050774,"SF22","SF.7",993.3000148,1367.29002,354.3625053,471.685007,7.802395659,24.51885417,1.852583292,35.45325004,356,"c","SF22_7_c"
"274","SF22_7_c","SF","22","7",0.648275862,2.916214189,"SF22","SF.7",993.3000148,1367.29002,354.3625053,471.685007,7.802395659,24.51885417,1.852583292,35.45325004,356,"c","SF22_7_c"
"275","H22_8_b","H","22","8",1.020689655,2.203858039,"H22","H.8",993.3000148,1367.29002,354.3625053,471.685007,7.802395659,24.51885417,1.852583292,35.45325004,356,"b","H22_8_b"
"276","H22_8_b","H","22","8",1.227586207,1.847673931,"H22","H.8",993.3000148,1367.29002,354.3625053,471.685007,7.802395659,24.51885417,1.852583292,35.45325004,356,"b","H22_8_b"
"277","H22_8_b","H","22","8",1.6,2.349860795,"H22","H.8",993.3000148,1367.29002,354.3625053,471.685007,7.802395659,24.51885417,1.852583292,35.45325004,356,"b","H22_8_b"
"278","H26_1_c","H","26","1",0.689655172,3.131700938,"H26","H.1",985.8075147,1351.91752,355.4100053,560.4525084,8.560978975,23.0505417,3.066999931,32.80875009,665,"c","H26_1_c"
"279","H26_1_c","H","26","1",0.717241379,3.049791911,"H26","H.1",985.8075147,1351.91752,355.4100053,560.4525084,8.560978975,23.0505417,3.066999931,32.80875009,665,"c","H26_1_c"
"280","H26_1_c","H","26","1",0.84137931,2.12317206,"H26","H.1",985.8075147,1351.91752,355.4100053,560.4525084,8.560978975,23.0505417,3.066999931,32.80875009,665,"c","H26_1_c"
"281","W26_1","W","26","1",1.875862069,2.343095458,"W26","W.1",985.8075147,1351.91752,355.4100053,560.4525084,8.560978975,23.0505417,3.066999931,32.80875009,665,"","W26_1_"
"282","W26_1","W","26","1",1.972413793,2.766037536,"W26","W.1",985.8075147,1351.91752,355.4100053,560.4525084,8.560978975,23.0505417,3.066999931,32.80875009,665,"","W26_1_"
"283","W26_1","W","26","1",2.193103448,2.342917866,"W26","W.1",985.8075147,1351.91752,355.4100053,560.4525084,8.560978975,23.0505417,3.066999931,32.80875009,665,"","W26_1_"
"284","W26_2","W","26","2",1.24137931,1.911067778,"W26","W.2",985.8075147,1351.91752,355.4100053,560.4525084,8.560978975,23.0505417,3.066999931,32.80875009,665,"","W26_2_"
"285","W26_2","W","26","2",1.310344828,2.433516594,"W26","W.2",985.8075147,1351.91752,355.4100053,560.4525084,8.560978975,23.0505417,3.066999931,32.80875009,665,"","W26_2_"
"286","W26_2","W","26","2",1.517241379,2.232372012,"W26","W.2",985.8075147,1351.91752,355.4100053,560.4525084,8.560978975,23.0505417,3.066999931,32.80875009,665,"","W26_2_"
"287","H26_3_c","H","26","3",1.517241379,1.865523205,"H26","H.3",985.8075147,1351.91752,355.4100053,560.4525084,8.560978975,23.0505417,3.066999931,32.80875009,665,"c","H26_3_c"
"288","H26_3_c","H","26","3",1.55862069,1.593156118,"H26","H.3",985.8075147,1351.91752,355.4100053,560.4525084,8.560978975,23.0505417,3.066999931,32.80875009,665,"c","H26_3_c"
"289","H26_3_c","H","26","3",1.793103448,1.597147115,"H26","H.3",985.8075147,1351.91752,355.4100053,560.4525084,8.560978975,23.0505417,3.066999931,32.80875009,665,"c","H26_3_c"
"290","H26_3_c","H","26","3",2.055172414,2.84279698,"H26","H.3",985.8075147,1351.91752,355.4100053,560.4525084,8.560978975,23.0505417,3.066999931,32.80875009,665,"c","H26_3_c"
"291","W26_3","W","26","3",0.8,1.55702,"W26","W.3",985.8075147,1351.91752,355.4100053,560.4525084,8.560978975,23.0505417,3.066999931,32.80875009,665,"","W26_3_"
"292","W26_3","W","26","3",0.8,1.788815934,"W26","W.3",985.8075147,1351.91752,355.4100053,560.4525084,8.560978975,23.0505417,3.066999931,32.80875009,665,"","W26_3_"
"293","W26_3","W","26","3",0.882758621,2.2282814,"W26","W.3",985.8075147,1351.91752,355.4100053,560.4525084,8.560978975,23.0505417,3.066999931,32.80875009,665,"","W26_3_"
"294","W26_3","W","26","3",1.310344828,1.857752915,"W26","W.3",985.8075147,1351.91752,355.4100053,560.4525084,8.560978975,23.0505417,3.066999931,32.80875009,665,"","W26_3_"
"295","W26_3","W","26","3",1.310344828,2.36256604,"W26","W.3",985.8075147,1351.91752,355.4100053,560.4525084,8.560978975,23.0505417,3.066999931,32.80875009,665,"","W26_3_"
"296","H26_4_b","H","26","4",0.855172414,2.54072547,"H26","H.4",985.8075147,1351.91752,355.4100053,560.4525084,8.560978975,23.0505417,3.066999931,32.80875009,665,"b","H26_4_b"
"297","H26_4_b","H","26","4",0.855172414,3.472304183,"H26","H.4",985.8075147,1351.91752,355.4100053,560.4525084,8.560978975,23.0505417,3.066999931,32.80875009,665,"b","H26_4_b"
"298","H26_4_b","H","26","4",0.855172414,2.536594889,"H26","H.4",985.8075147,1351.91752,355.4100053,560.4525084,8.560978975,23.0505417,3.066999931,32.80875009,665,"b","H26_4_b"
"299","SF26_5_a","SF","26","5",1.875862069,1.852244046,"SF26","SF.5",985.8075147,1351.91752,355.4100053,560.4525084,8.560978975,23.0505417,3.066999931,32.80875009,665,"a","SF26_5_a"
"300","SF26_5_a","SF","26","5",1.379310345,2.159577273,"SF26","SF.5",985.8075147,1351.91752,355.4100053,560.4525084,8.560978975,23.0505417,3.066999931,32.80875009,665,"a","SF26_5_a"
"301","SF26_5_a","SF","26","5",1.931034483,1.848977715,"SF26","SF.5",985.8075147,1351.91752,355.4100053,560.4525084,8.560978975,23.0505417,3.066999931,32.80875009,665,"a","SF26_5_a"
"302","SF26_5_a","SF","26","5",1.793103448,1.873494231,"SF26","SF.5",985.8075147,1351.91752,355.4100053,560.4525084,8.560978975,23.0505417,3.066999931,32.80875009,665,"a","SF26_5_a"
"303","H26_6_c","H","26","6",0.882758621,2.712742762,"H26","H.6",985.8075147,1351.91752,355.4100053,560.4525084,8.560978975,23.0505417,3.066999931,32.80875009,665,"c","H26_6_c"
"304","H26_6_c","H","26","6",0.882758621,2.187887921,"H26","H.6",985.8075147,1351.91752,355.4100053,560.4525084,8.560978975,23.0505417,3.066999931,32.80875009,665,"c","H26_6_c"
"305","H26_6_c","H","26","6",0.937931034,3.106648178,"H26","H.6",985.8075147,1351.91752,355.4100053,560.4525084,8.560978975,23.0505417,3.066999931,32.80875009,665,"c","H26_6_c"
"306","W26_7","W","26","7",0.413793103,2.257481696,"W26","W.7",985.8075147,1351.91752,355.4100053,560.4525084,8.560978975,23.0505417,3.066999931,32.80875009,665,"","W26_7_"
"307","W26_7","W","26","7",0.344827586,2.517593571,"W26","W.7",985.8075147,1351.91752,355.4100053,560.4525084,8.560978975,23.0505417,3.066999931,32.80875009,665,"","W26_7_"
"308","W26_7","W","26","7",0.565517241,3.035760011,"W26","W.7",985.8075147,1351.91752,355.4100053,560.4525084,8.560978975,23.0505417,3.066999931,32.80875009,665,"","W26_7_"
"309","W26_7","W","26","7",0.910344828,2.130729099,"W26","W.7",985.8075147,1351.91752,355.4100053,560.4525084,8.560978975,23.0505417,3.066999931,32.80875009,665,"","W26_7_"
"310","SF26_7_a","SF","26","7",0.44137931,2.474894223,"SF26","SF.7",985.8075147,1351.91752,355.4100053,560.4525084,8.560978975,23.0505417,3.066999931,32.80875009,665,"a","SF26_7_a"
"311","SF26_7_a","SF","26","7",1.103448276,1.594826098,"SF26","SF.7",985.8075147,1351.91752,355.4100053,560.4525084,8.560978975,23.0505417,3.066999931,32.80875009,665,"a","SF26_7_a"
"312","SF26_7_a","SF","26","7",1.186206897,1.796346941,"SF26","SF.7",985.8075147,1351.91752,355.4100053,560.4525084,8.560978975,23.0505417,3.066999931,32.80875009,665,"a","SF26_7_a"
"313","SF26_7_a","SF","26","7",1.434482759,2.391056461,"SF26","SF.7",985.8075147,1351.91752,355.4100053,560.4525084,8.560978975,23.0505417,3.066999931,32.80875009,665,"a","SF26_7_a"
"314","SF26_7_a","SF","26","7",1.820689655,2.864788068,"SF26","SF.7",985.8075147,1351.91752,355.4100053,560.4525084,8.560978975,23.0505417,3.066999931,32.80875009,665,"a","SF26_7_a"
"315","W26_8","W","26","8",0.468965517,2.210737415,"W26","W.8",985.8075147,1351.91752,355.4100053,560.4525084,8.560978975,23.0505417,3.066999931,32.80875009,665,"","W26_8_"
"316","W26_8","W","26","8",0.4,3.185026316,"W26","W.8",985.8075147,1351.91752,355.4100053,560.4525084,8.560978975,23.0505417,3.066999931,32.80875009,665,"","W26_8_"
"317","W26_8","W","26","8",0.551724138,2.362450658,"W26","W.8",985.8075147,1351.91752,355.4100053,560.4525084,8.560978975,23.0505417,3.066999931,32.80875009,665,"","W26_8_"
"318","W26_8","W","26","8",0.551724138,2.650444643,"W26","W.8",985.8075147,1351.91752,355.4100053,560.4525084,8.560978975,23.0505417,3.066999931,32.80875009,665,"","W26_8_"
"319","SF26_8_b","SF","26","8",0.593103448,2.801506783,"SF26","SF.8",985.8075147,1351.91752,355.4100053,560.4525084,8.560978975,23.0505417,3.066999931,32.80875009,665,"b","SF26_8_b"
"320","SF26_8_b","SF","26","8",0.606896552,2.628644668,"SF26","SF.8",985.8075147,1351.91752,355.4100053,560.4525084,8.560978975,23.0505417,3.066999931,32.80875009,665,"b","SF26_8_b"
"321","SF26_8_b","SF","26","8",0.813793103,2.338488918,"SF26","SF.8",985.8075147,1351.91752,355.4100053,560.4525084,8.560978975,23.0505417,3.066999931,32.80875009,665,"b","SF26_8_b"
"322","SF26_8_b","SF","26","8",1.020689655,2.260992278,"SF26","SF.8",985.8075147,1351.91752,355.4100053,560.4525084,8.560978975,23.0505417,3.066999931,32.80875009,665,"b","SF26_8_b"
"323","SF26_8_b","SF","26","8",1.075862069,2.277844437,"SF26","SF.8",985.8075147,1351.91752,355.4100053,560.4525084,8.560978975,23.0505417,3.066999931,32.80875009,665,"b","SF26_8_b"
"324","SF26_8_b","SF","26","8",1.103448276,1.714896875,"SF26","SF.8",985.8075147,1351.91752,355.4100053,560.4525084,8.560978975,23.0505417,3.066999931,32.80875009,665,"b","SF26_8_b"
"325","H26_8_c","H","26","8",1.475862069,2.142118702,"H26","H.8",985.8075147,1351.91752,355.4100053,560.4525084,8.560978975,23.0505417,3.066999931,32.80875009,665,"c","H26_8_c"
"326","H26_8_c","H","26","8",1.310344828,2.15903183,"H26","H.8",985.8075147,1351.91752,355.4100053,560.4525084,8.560978975,23.0505417,3.066999931,32.80875009,665,"c","H26_8_c"
"327","H26_8_c","H","26","8",1.227586207,1.873963483,"H26","H.8",985.8075147,1351.91752,355.4100053,560.4525084,8.560978975,23.0505417,3.066999931,32.80875009,665,"c","H26_8_c"
"328","H26_8_c","H","26","8",1.517241379,2.001603967,"H26","H.8",985.8075147,1351.91752,355.4100053,560.4525084,8.560978975,23.0505417,3.066999931,32.80875009,665,"c","H26_8_c"
"329","H26_8_c","H","26","8",1.517241379,1.950562099,"H26","H.8",985.8075147,1351.91752,355.4100053,560.4525084,8.560978975,23.0505417,3.066999931,32.80875009,665,"c","H26_8_c"
"330","W3_2","W","3","2",1.034482759,1.717688511,"W3","W.2",671.70251,1144.422517,456.0125068,849.1050127,7.29620817,22.08297918,1.818499959,32.57500011,654,"","W3_2_"
"331","W15_1","W","15","1",0.965517241,2.550970759,"W15","W.1",733.8575109,1193.297518,392.9775059,1014.252515,4.944791556,21.16574999,-0.771499983,31.47449985,NA,"","W15_1_"
"332","W15_1","W","15","1",1.048275862,2.500349361,"W15","W.1",733.8575109,1193.297518,392.9775059,1014.252515,4.944791556,21.16574999,-0.771499983,31.47449985,NA,"","W15_1_"
"333","W15_1","W","15","1",1.048275862,2.381745127,"W15","W.1",733.8575109,1193.297518,392.9775059,1014.252515,4.944791556,21.16574999,-0.771499983,31.47449985,NA,"","W15_1_"
"334","W15_1","W","15","1",1.075862069,1.973574795,"W15","W.1",733.8575109,1193.297518,392.9775059,1014.252515,4.944791556,21.16574999,-0.771499983,31.47449985,NA,"","W15_1_"
"335","W15_2","W","15","2",1.2,1.880491228,"W15","W.2",733.8575109,1193.297518,392.9775059,1014.252515,4.944791556,21.16574999,-0.771499983,31.47449985,NA,"","W15_2_"
"336","W15_2","W","15","2",1.55862069,1.586922865,"W15","W.2",733.8575109,1193.297518,392.9775059,1014.252515,4.944791556,21.16574999,-0.771499983,31.47449985,NA,"","W15_2_"
"337","W15_2","W","15","2",2,1.728884694,"W15","W.2",733.8575109,1193.297518,392.9775059,1014.252515,4.944791556,21.16574999,-0.771499983,31.47449985,NA,"","W15_2_"
"338","W15_2","W","15","2",2,1.59893,"W15","W.2",733.8575109,1193.297518,392.9775059,1014.252515,4.944791556,21.16574999,-0.771499983,31.47449985,NA,"","W15_2_"
"339","W15_3","W","15","3",1.337931034,1.918062636,"W15","W.3",733.8575109,1193.297518,392.9775059,1014.252515,4.944791556,21.16574999,-0.771499983,31.47449985,NA,"","W15_3_"
"340","W15_3","W","15","3",1.434482759,1.93154061,"W15","W.3",733.8575109,1193.297518,392.9775059,1014.252515,4.944791556,21.16574999,-0.771499983,31.47449985,NA,"","W15_3_"
"341","W15_5","W","15","5",1.434482759,1.584056072,"W15","W.5",733.8575109,1193.297518,392.9775059,1014.252515,4.944791556,21.16574999,-0.771499983,31.47449985,NA,"","W15_5_"
"342","W15_5","W","15","5",1.737931034,1.864618398,"W15","W.5",733.8575109,1193.297518,392.9775059,1014.252515,4.944791556,21.16574999,-0.771499983,31.47449985,NA,"","W15_5_"
"343","W15_5","W","15","5",1.737931034,2.108955952,"W15","W.5",733.8575109,1193.297518,392.9775059,1014.252515,4.944791556,21.16574999,-0.771499983,31.47449985,NA,"","W15_5_"
"344","W15_6","W","15","6",0.772413793,1.800395089,"W15","W.6",733.8575109,1193.297518,392.9775059,1014.252515,4.944791556,21.16574999,-0.771499983,31.47449985,NA,"","W15_6_"
"345","W15_6","W","15","6",0.993103448,1.712174227,"W15","W.6",733.8575109,1193.297518,392.9775059,1014.252515,4.944791556,21.16574999,-0.771499983,31.47449985,NA,"","W15_6_"
"346","W3_1","W","3","1",1.062068966,1.340685921,"W3","W.1",671.70251,1144.422517,456.0125068,849.1050127,7.29620817,22.08297918,1.818499959,32.57500011,654,"","W3_1_"
"347","W3_1","W","3","1",1.048275862,2.343391487,"W3","W.1",671.70251,1144.422517,456.0125068,849.1050127,7.29620817,22.08297918,1.818499959,32.57500011,654,"","W3_1_"
"348","W3_1","W","3","1",1.586206897,1.345536378,"W3","W.1",671.70251,1144.422517,456.0125068,849.1050127,7.29620817,22.08297918,1.818499959,32.57500011,654,"","W3_1_"
"349","W3_1","W","3","1",1.751724138,1.728465909,"W3","W.1",671.70251,1144.422517,456.0125068,849.1050127,7.29620817,22.08297918,1.818499959,32.57500011,654,"","W3_1_"
"350","W3_2","W","3","2",1.034482759,1.433873051,"W3","W.2",671.70251,1144.422517,456.0125068,849.1050127,7.29620817,22.08297918,1.818499959,32.57500011,654,"","W3_2_"
"351","W3_2","W","3","2",1.448275862,1.656225763,"W3","W.2",671.70251,1144.422517,456.0125068,849.1050127,7.29620817,22.08297918,1.818499959,32.57500011,654,"","W3_2_"
"352","W3_2","W","3","2",1.544827586,1.510661016,"W3","W.2",671.70251,1144.422517,456.0125068,849.1050127,7.29620817,22.08297918,1.818499959,32.57500011,654,"","W3_2_"
"353","W3_3","W","3","3",1.117241379,1.438622308,"W3","W.3",671.70251,1144.422517,456.0125068,849.1050127,7.29620817,22.08297918,1.818499959,32.57500011,654,"","W3_3_"
"354","W3_3","W","3","3",1.131034483,1.421810659,"W3","W.3",671.70251,1144.422517,456.0125068,849.1050127,7.29620817,22.08297918,1.818499959,32.57500011,654,"","W3_3_"
"355","W3_3","W","3","3",1.255172414,2.447797433,"W3","W.3",671.70251,1144.422517,456.0125068,849.1050127,7.29620817,22.08297918,1.818499959,32.57500011,654,"","W3_3_"
"356","W3_3","W","3","3",1.351724138,1.941479398,"W3","W.3",671.70251,1144.422517,456.0125068,849.1050127,7.29620817,22.08297918,1.818499959,32.57500011,654,"","W3_3_"
"357","W3_4","W","3","4",1.406896552,1.50613791,"W3","W.4",671.70251,1144.422517,456.0125068,849.1050127,7.29620817,22.08297918,1.818499959,32.57500011,654,"","W3_4_"
"358","W3_4","W","3","4",1.55862069,1.342117516,"W3","W.4",671.70251,1144.422517,456.0125068,849.1050127,7.29620817,22.08297918,1.818499959,32.57500011,654,"","W3_4_"
"359","W3_4","W","3","4",1.55862069,1.458293532,"W3","W.4",671.70251,1144.422517,456.0125068,849.1050127,7.29620817,22.08297918,1.818499959,32.57500011,654,"","W3_4_"
"360","W3_4","W","3","4",1.820689655,1.358455019,"W3","W.4",671.70251,1144.422517,456.0125068,849.1050127,7.29620817,22.08297918,1.818499959,32.57500011,654,"","W3_4_"
"361","W3_7","W","3","7",1.186206897,2.000284079,"W3","W.7",671.70251,1144.422517,456.0125068,849.1050127,7.29620817,22.08297918,1.818499959,32.57500011,654,"","W3_7_"
"362","W3_7","W","3","7",1.186206897,2.174525245,"W3","W.7",671.70251,1144.422517,456.0125068,849.1050127,7.29620817,22.08297918,1.818499959,32.57500011,654,"","W3_7_"
"363","W3_7","W","3","7",1.172413793,1.781713744,"W3","W.7",671.70251,1144.422517,456.0125068,849.1050127,7.29620817,22.08297918,1.818499959,32.57500011,654,"","W3_7_"
